Policy,Actual_Saving,KL_Score,MSE,NMSE_dB,Target_Saving,MSE_Smoothed
"{'conv2d_1': 16, 'dense_1_part0': 16, 'dense_1_part1': 16, 'dense_1_part2': 16, 'dense_1_part3': 16, 'dense_1_part4': 16, 'dense_1_part5': 16, 'dense_1_part6': 16, 'dense_1_part7': 16, 'dense_1_part8': 16, 'dense_1_part9': 16, 'dense_1_part10': 16, 'dense_1_part11': 16, 'dense_1_part12': 8, 'dense_1_part13': 16, 'dense_1_part14': 8, 'dense_1_part15': 16, 'dense_1_part16': 16, 'dense_1_part17': 16, 'dense_1_part18': 16, 'dense_1_part19': 16, 'dense_1_part20': 16, 'dense_1_part21': 16, 'dense_1_part22': 16, 'dense_1_part23': 16, 'dense_1_part24': 16, 'dense_1_part25': 8, 'dense_1_part26': 16, 'dense_1_part27': 16, 'dense_1_part28': 16, 'dense_1_part29': 16, 'dense_1_part30': 16, 'dense_1_part31': 16}",88.08591738412301,9.886891,0.20251034200191498,-6.935528,88.0,0.2007017582654953
"{'conv2d_1': 16, 'dense_1_part0': 16, 'dense_1_part1': 16, 'dense_1_part2': 16, 'dense_1_part3': 16, 'dense_1_part4': 16, 'dense_1_part5': 16, 'dense_1_part6': 16, 'dense_1_part7': 16, 'dense_1_part8': 8, 'dense_1_part9': 16, 'dense_1_part10': 16, 'dense_1_part11': 16, 'dense_1_part12': 8, 'dense_1_part13': 16, 'dense_1_part14': 8, 'dense_1_part15': 16, 'dense_1_part16': 16, 'dense_1_part17': 16, 'dense_1_part18': 16, 'dense_1_part19': 16, 'dense_1_part20': 16, 'dense_1_part21': 16, 'dense_1_part22': 16, 'dense_1_part23': 16, 'dense_1_part24': 16, 'dense_1_part25': 8, 'dense_1_part26': 16, 'dense_1_part27': 16, 'dense_1_part28': 16, 'dense_1_part29': 16, 'dense_1_part30': 16, 'dense_1_part31': 16}",88.28122317883069,9.886891,0.20101477205753326,-6.9677205,88.1,0.2007017582654953
"{'conv2d_1': 16, 'dense_1_part0': 16, 'dense_1_part1': 16, 'dense_1_part2': 16, 'dense_1_part3': 16, 'dense_1_part4': 16, 'dense_1_part5': 16, 'dense_1_part6': 16, 'dense_1_part7': 16, 'dense_1_part8': 8, 'dense_1_part9': 16, 'dense_1_part10': 16, 'dense_1_part11': 16, 'dense_1_part12': 8, 'dense_1_part13': 16, 'dense_1_part14': 8, 'dense_1_part15': 16, 'dense_1_part16': 16, 'dense_1_part17': 16, 'dense_1_part18': 16, 'dense_1_part19': 16, 'dense_1_part20': 16, 'dense_1_part21': 16, 'dense_1_part22': 16, 'dense_1_part23': 16, 'dense_1_part24': 16, 'dense_1_part25': 8, 'dense_1_part26': 16, 'dense_1_part27': 16, 'dense_1_part28': 16, 'dense_1_part29': 16, 'dense_1_part30': 16, 'dense_1_part31': 16}",88.28122317883069,9.886891,0.20101477205753326,-6.9677205,88.19999999999999,0.2007017582654953
"{'conv2d_1': 16, 'dense_1_part0': 16, 'dense_1_part1': 16, 'dense_1_part2': 16, 'dense_1_part3': 16, 'dense_1_part4': 16, 'dense_1_part5': 8, 'dense_1_part6': 16, 'dense_1_part7': 16, 'dense_1_part8': 8, 'dense_1_part9': 16, 'dense_1_part10': 16, 'dense_1_part11': 16, 'dense_1_part12': 8, 'dense_1_part13': 16, 'dense_1_part14': 8, 'dense_1_part15': 16, 'dense_1_part16': 16, 'dense_1_part17': 16, 'dense_1_part18': 16, 'dense_1_part19': 16, 'dense_1_part20': 16, 'dense_1_part21': 16, 'dense_1_part22': 16, 'dense_1_part23': 16, 'dense_1_part24': 16, 'dense_1_part25': 8, 'dense_1_part26': 16, 'dense_1_part27': 16, 'dense_1_part28': 16, 'dense_1_part29': 16, 'dense_1_part30': 16, 'dense_1_part31': 16}",88.47652897353835,9.886891,0.20182563364505768,-6.9502363,88.29999999999998,0.2007017582654953
"{'conv2d_1': 16, 'dense_1_part0': 16, 'dense_1_part1': 16, 'dense_1_part2': 16, 'dense_1_part3': 16, 'dense_1_part4': 16, 'dense_1_part5': 8, 'dense_1_part6': 16, 'dense_1_part7': 16, 'dense_1_part8': 8, 'dense_1_part9': 16, 'dense_1_part10': 16, 'dense_1_part11': 16, 'dense_1_part12': 8, 'dense_1_part13': 16, 'dense_1_part14': 8, 'dense_1_part15': 16, 'dense_1_part16': 16, 'dense_1_part17': 16, 'dense_1_part18': 16, 'dense_1_part19': 16, 'dense_1_part20': 16, 'dense_1_part21': 16, 'dense_1_part22': 16, 'dense_1_part23': 16, 'dense_1_part24': 16, 'dense_1_part25': 8, 'dense_1_part26': 16, 'dense_1_part27': 16, 'dense_1_part28': 16, 'dense_1_part29': 16, 'dense_1_part30': 16, 'dense_1_part31': 16}",88.47652897353835,9.886891,0.20182563364505768,-6.9502363,88.39999999999998,0.2007017582654953
"{'conv2d_1': 16, 'dense_1_part0': 16, 'dense_1_part1': 16, 'dense_1_part2': 16, 'dense_1_part3': 16, 'dense_1_part4': 16, 'dense_1_part5': 8, 'dense_1_part6': 16, 'dense_1_part7': 16, 'dense_1_part8': 8, 'dense_1_part9': 16, 'dense_1_part10': 8, 'dense_1_part11': 16, 'dense_1_part12': 8, 'dense_1_part13': 16, 'dense_1_part14': 8, 'dense_1_part15': 16, 'dense_1_part16': 16, 'dense_1_part17': 16, 'dense_1_part18': 16, 'dense_1_part19': 16, 'dense_1_part20': 16, 'dense_1_part21': 16, 'dense_1_part22': 16, 'dense_1_part23': 16, 'dense_1_part24': 16, 'dense_1_part25': 8, 'dense_1_part26': 16, 'dense_1_part27': 16, 'dense_1_part28': 16, 'dense_1_part29': 16, 'dense_1_part30': 16, 'dense_1_part31': 16}",88.67183476824603,9.886891,0.2015887051820755,-6.955338,88.49999999999997,0.2007017582654953
"{'conv2d_1': 16, 'dense_1_part0': 16, 'dense_1_part1': 16, 'dense_1_part2': 16, 'dense_1_part3': 16, 'dense_1_part4': 16, 'dense_1_part5': 8, 'dense_1_part6': 16, 'dense_1_part7': 16, 'dense_1_part8': 8, 'dense_1_part9': 16, 'dense_1_part10': 8, 'dense_1_part11': 16, 'dense_1_part12': 8, 'dense_1_part13': 16, 'dense_1_part14': 8, 'dense_1_part15': 16, 'dense_1_part16': 16, 'dense_1_part17': 16, 'dense_1_part18': 16, 'dense_1_part19': 16, 'dense_1_part20': 16, 'dense_1_part21': 16, 'dense_1_part22': 16, 'dense_1_part23': 16, 'dense_1_part24': 16, 'dense_1_part25': 8, 'dense_1_part26': 16, 'dense_1_part27': 16, 'dense_1_part28': 16, 'dense_1_part29': 16, 'dense_1_part30': 16, 'dense_1_part31': 16}",88.67183476824603,9.886891,0.2015887051820755,-6.955338,88.59999999999997,0.2007017582654953
"{'conv2d_1': 16, 'dense_1_part0': 16, 'dense_1_part1': 16, 'dense_1_part2': 16, 'dense_1_part3': 16, 'dense_1_part4': 16, 'dense_1_part5': 8, 'dense_1_part6': 16, 'dense_1_part7': 16, 'dense_1_part8': 8, 'dense_1_part9': 8, 'dense_1_part10': 8, 'dense_1_part11': 16, 'dense_1_part12': 8, 'dense_1_part13': 16, 'dense_1_part14': 8, 'dense_1_part15': 16, 'dense_1_part16': 16, 'dense_1_part17': 16, 'dense_1_part18': 16, 'dense_1_part19': 16, 'dense_1_part20': 16, 'dense_1_part21': 16, 'dense_1_part22': 16, 'dense_1_part23': 16, 'dense_1_part24': 16, 'dense_1_part25': 8, 'dense_1_part26': 16, 'dense_1_part27': 16, 'dense_1_part28': 16, 'dense_1_part29': 16, 'dense_1_part30': 16, 'dense_1_part31': 16}",88.8671405629537,9.886891,0.20266933739185333,-6.93212,88.69999999999996,0.2007017582654953
"{'conv2d_1': 16, 'dense_1_part0': 16, 'dense_1_part1': 16, 'dense_1_part2': 16, 'dense_1_part3': 16, 'dense_1_part4': 16, 'dense_1_part5': 8, 'dense_1_part6': 16, 'dense_1_part7': 16, 'dense_1_part8': 8, 'dense_1_part9': 8, 'dense_1_part10': 8, 'dense_1_part11': 16, 'dense_1_part12': 8, 'dense_1_part13': 16, 'dense_1_part14': 8, 'dense_1_part15': 16, 'dense_1_part16': 16, 'dense_1_part17': 16, 'dense_1_part18': 16, 'dense_1_part19': 16, 'dense_1_part20': 16, 'dense_1_part21': 16, 'dense_1_part22': 16, 'dense_1_part23': 16, 'dense_1_part24': 16, 'dense_1_part25': 8, 'dense_1_part26': 16, 'dense_1_part27': 16, 'dense_1_part28': 16, 'dense_1_part29': 16, 'dense_1_part30': 16, 'dense_1_part31': 16}",88.8671405629537,9.886891,0.20266933739185333,-6.93212,88.79999999999995,0.2007017582654953
"{'conv2d_1': 16, 'dense_1_part0': 16, 'dense_1_part1': 16, 'dense_1_part2': 16, 'dense_1_part3': 16, 'dense_1_part4': 16, 'dense_1_part5': 8, 'dense_1_part6': 16, 'dense_1_part7': 16, 'dense_1_part8': 8, 'dense_1_part9': 8, 'dense_1_part10': 8, 'dense_1_part11': 16, 'dense_1_part12': 8, 'dense_1_part13': 8, 'dense_1_part14': 8, 'dense_1_part15': 16, 'dense_1_part16': 16, 'dense_1_part17': 16, 'dense_1_part18': 16, 'dense_1_part19': 16, 'dense_1_part20': 16, 'dense_1_part21': 16, 'dense_1_part22': 16, 'dense_1_part23': 16, 'dense_1_part24': 16, 'dense_1_part25': 8, 'dense_1_part26': 16, 'dense_1_part27': 16, 'dense_1_part28': 16, 'dense_1_part29': 16, 'dense_1_part30': 16, 'dense_1_part31': 16}",89.06244635766136,9.886891,0.20273475348949432,-6.930718,88.89999999999995,0.2007017582654953
"{'conv2d_1': 16, 'dense_1_part0': 16, 'dense_1_part1': 16, 'dense_1_part2': 16, 'dense_1_part3': 16, 'dense_1_part4': 16, 'dense_1_part5': 8, 'dense_1_part6': 16, 'dense_1_part7': 16, 'dense_1_part8': 8, 'dense_1_part9': 8, 'dense_1_part10': 8, 'dense_1_part11': 16, 'dense_1_part12': 8, 'dense_1_part13': 8, 'dense_1_part14': 8, 'dense_1_part15': 16, 'dense_1_part16': 16, 'dense_1_part17': 16, 'dense_1_part18': 16, 'dense_1_part19': 16, 'dense_1_part20': 16, 'dense_1_part21': 16, 'dense_1_part22': 16, 'dense_1_part23': 16, 'dense_1_part24': 16, 'dense_1_part25': 8, 'dense_1_part26': 16, 'dense_1_part27': 16, 'dense_1_part28': 16, 'dense_1_part29': 16, 'dense_1_part30': 16, 'dense_1_part31': 16}",89.06244635766136,9.886891,0.20273475348949432,-6.930718,88.99999999999994,0.2007017582654953
"{'conv2d_1': 16, 'dense_1_part0': 16, 'dense_1_part1': 16, 'dense_1_part2': 16, 'dense_1_part3': 16, 'dense_1_part4': 16, 'dense_1_part5': 8, 'dense_1_part6': 16, 'dense_1_part7': 16, 'dense_1_part8': 8, 'dense_1_part9': 8, 'dense_1_part10': 8, 'dense_1_part11': 16, 'dense_1_part12': 8, 'dense_1_part13': 8, 'dense_1_part14': 8, 'dense_1_part15': 16, 'dense_1_part16': 16, 'dense_1_part17': 16, 'dense_1_part18': 16, 'dense_1_part19': 16, 'dense_1_part20': 16, 'dense_1_part21': 16, 'dense_1_part22': 16, 'dense_1_part23': 16, 'dense_1_part24': 16, 'dense_1_part25': 8, 'dense_1_part26': 16, 'dense_1_part27': 16, 'dense_1_part28': 16, 'dense_1_part29': 16, 'dense_1_part30': 8, 'dense_1_part31': 16}",89.25775215236904,9.886891,0.20239612460136414,-6.9379783,89.09999999999994,0.2007017582654953
"{'conv2d_1': 16, 'dense_1_part0': 16, 'dense_1_part1': 16, 'dense_1_part2': 16, 'dense_1_part3': 16, 'dense_1_part4': 16, 'dense_1_part5': 8, 'dense_1_part6': 16, 'dense_1_part7': 16, 'dense_1_part8': 8, 'dense_1_part9': 8, 'dense_1_part10': 8, 'dense_1_part11': 16, 'dense_1_part12': 8, 'dense_1_part13': 8, 'dense_1_part14': 8, 'dense_1_part15': 16, 'dense_1_part16': 16, 'dense_1_part17': 16, 'dense_1_part18': 16, 'dense_1_part19': 16, 'dense_1_part20': 16, 'dense_1_part21': 16, 'dense_1_part22': 16, 'dense_1_part23': 16, 'dense_1_part24': 16, 'dense_1_part25': 8, 'dense_1_part26': 16, 'dense_1_part27': 16, 'dense_1_part28': 16, 'dense_1_part29': 16, 'dense_1_part30': 8, 'dense_1_part31': 16}",89.25775215236904,9.886891,0.20239612460136414,-6.9379783,89.19999999999993,0.2007017582654953
"{'conv2d_1': 16, 'dense_1_part0': 16, 'dense_1_part1': 16, 'dense_1_part2': 16, 'dense_1_part3': 16, 'dense_1_part4': 8, 'dense_1_part5': 8, 'dense_1_part6': 16, 'dense_1_part7': 16, 'dense_1_part8': 8, 'dense_1_part9': 8, 'dense_1_part10': 8, 'dense_1_part11': 16, 'dense_1_part12': 8, 'dense_1_part13': 8, 'dense_1_part14': 8, 'dense_1_part15': 16, 'dense_1_part16': 16, 'dense_1_part17': 16, 'dense_1_part18': 16, 'dense_1_part19': 16, 'dense_1_part20': 16, 'dense_1_part21': 16, 'dense_1_part22': 16, 'dense_1_part23': 16, 'dense_1_part24': 16, 'dense_1_part25': 8, 'dense_1_part26': 16, 'dense_1_part27': 16, 'dense_1_part28': 16, 'dense_1_part29': 16, 'dense_1_part30': 8, 'dense_1_part31': 16}",89.45305794707672,9.886891,0.20317527651786804,-6.9212914,89.29999999999993,0.2007017582654953
"{'conv2d_1': 16, 'dense_1_part0': 16, 'dense_1_part1': 16, 'dense_1_part2': 16, 'dense_1_part3': 16, 'dense_1_part4': 8, 'dense_1_part5': 8, 'dense_1_part6': 16, 'dense_1_part7': 16, 'dense_1_part8': 8, 'dense_1_part9': 8, 'dense_1_part10': 8, 'dense_1_part11': 16, 'dense_1_part12': 8, 'dense_1_part13': 8, 'dense_1_part14': 8, 'dense_1_part15': 16, 'dense_1_part16': 16, 'dense_1_part17': 16, 'dense_1_part18': 16, 'dense_1_part19': 16, 'dense_1_part20': 16, 'dense_1_part21': 16, 'dense_1_part22': 16, 'dense_1_part23': 16, 'dense_1_part24': 16, 'dense_1_part25': 8, 'dense_1_part26': 16, 'dense_1_part27': 16, 'dense_1_part28': 16, 'dense_1_part29': 16, 'dense_1_part30': 8, 'dense_1_part31': 16}",89.45305794707672,9.886891,0.20317527651786804,-6.9212914,89.39999999999992,0.2007017582654953
"{'conv2d_1': 16, 'dense_1_part0': 16, 'dense_1_part1': 16, 'dense_1_part2': 16, 'dense_1_part3': 16, 'dense_1_part4': 8, 'dense_1_part5': 8, 'dense_1_part6': 16, 'dense_1_part7': 8, 'dense_1_part8': 8, 'dense_1_part9': 8, 'dense_1_part10': 8, 'dense_1_part11': 16, 'dense_1_part12': 8, 'dense_1_part13': 8, 'dense_1_part14': 8, 'dense_1_part15': 16, 'dense_1_part16': 16, 'dense_1_part17': 16, 'dense_1_part18': 16, 'dense_1_part19': 16, 'dense_1_part20': 16, 'dense_1_part21': 16, 'dense_1_part22': 16, 'dense_1_part23': 16, 'dense_1_part24': 16, 'dense_1_part25': 8, 'dense_1_part26': 16, 'dense_1_part27': 16, 'dense_1_part28': 16, 'dense_1_part29': 16, 'dense_1_part30': 8, 'dense_1_part31': 16}",89.64836374178438,9.886891,0.20397929847240448,-6.904139,89.49999999999991,0.2007017582654953
"{'conv2d_1': 16, 'dense_1_part0': 16, 'dense_1_part1': 16, 'dense_1_part2': 16, 'dense_1_part3': 16, 'dense_1_part4': 8, 'dense_1_part5': 8, 'dense_1_part6': 16, 'dense_1_part7': 8, 'dense_1_part8': 8, 'dense_1_part9': 8, 'dense_1_part10': 8, 'dense_1_part11': 16, 'dense_1_part12': 8, 'dense_1_part13': 8, 'dense_1_part14': 8, 'dense_1_part15': 16, 'dense_1_part16': 16, 'dense_1_part17': 16, 'dense_1_part18': 16, 'dense_1_part19': 16, 'dense_1_part20': 16, 'dense_1_part21': 16, 'dense_1_part22': 16, 'dense_1_part23': 16, 'dense_1_part24': 16, 'dense_1_part25': 8, 'dense_1_part26': 16, 'dense_1_part27': 16, 'dense_1_part28': 16, 'dense_1_part29': 16, 'dense_1_part30': 8, 'dense_1_part31': 16}",89.64836374178438,9.886891,0.20397929847240448,-6.904139,89.59999999999991,0.2007017582654953
"{'conv2d_1': 16, 'dense_1_part0': 16, 'dense_1_part1': 8, 'dense_1_part2': 16, 'dense_1_part3': 16, 'dense_1_part4': 8, 'dense_1_part5': 8, 'dense_1_part6': 16, 'dense_1_part7': 8, 'dense_1_part8': 8, 'dense_1_part9': 8, 'dense_1_part10': 8, 'dense_1_part11': 16, 'dense_1_part12': 8, 'dense_1_part13': 8, 'dense_1_part14': 8, 'dense_1_part15': 16, 'dense_1_part16': 16, 'dense_1_part17': 16, 'dense_1_part18': 16, 'dense_1_part19': 16, 'dense_1_part20': 16, 'dense_1_part21': 16, 'dense_1_part22': 16, 'dense_1_part23': 16, 'dense_1_part24': 16, 'dense_1_part25': 8, 'dense_1_part26': 16, 'dense_1_part27': 16, 'dense_1_part28': 16, 'dense_1_part29': 16, 'dense_1_part30': 8, 'dense_1_part31': 16}",89.84366953649206,9.886891,0.20169392228126526,-6.953072,89.6999999999999,0.2007017582654953
"{'conv2d_1': 16, 'dense_1_part0': 16, 'dense_1_part1': 8, 'dense_1_part2': 16, 'dense_1_part3': 16, 'dense_1_part4': 8, 'dense_1_part5': 8, 'dense_1_part6': 16, 'dense_1_part7': 8, 'dense_1_part8': 8, 'dense_1_part9': 8, 'dense_1_part10': 8, 'dense_1_part11': 16, 'dense_1_part12': 8, 'dense_1_part13': 8, 'dense_1_part14': 8, 'dense_1_part15': 16, 'dense_1_part16': 16, 'dense_1_part17': 16, 'dense_1_part18': 16, 'dense_1_part19': 16, 'dense_1_part20': 16, 'dense_1_part21': 16, 'dense_1_part22': 16, 'dense_1_part23': 16, 'dense_1_part24': 16, 'dense_1_part25': 8, 'dense_1_part26': 16, 'dense_1_part27': 16, 'dense_1_part28': 16, 'dense_1_part29': 16, 'dense_1_part30': 8, 'dense_1_part31': 16}",89.84366953649206,9.886891,0.20169392228126526,-6.953072,89.7999999999999,0.2007017582654953
"{'conv2d_1': 16, 'dense_1_part0': 16, 'dense_1_part1': 8, 'dense_1_part2': 16, 'dense_1_part3': 16, 'dense_1_part4': 8, 'dense_1_part5': 8, 'dense_1_part6': 16, 'dense_1_part7': 8, 'dense_1_part8': 8, 'dense_1_part9': 8, 'dense_1_part10': 8, 'dense_1_part11': 16, 'dense_1_part12': 8, 'dense_1_part13': 8, 'dense_1_part14': 8, 'dense_1_part15': 16, 'dense_1_part16': 16, 'dense_1_part17': 16, 'dense_1_part18': 16, 'dense_1_part19': 8, 'dense_1_part20': 16, 'dense_1_part21': 16, 'dense_1_part22': 16, 'dense_1_part23': 16, 'dense_1_part24': 16, 'dense_1_part25': 8, 'dense_1_part26': 16, 'dense_1_part27': 16, 'dense_1_part28': 16, 'dense_1_part29': 16, 'dense_1_part30': 8, 'dense_1_part31': 16}",90.03897533119972,9.886891,0.20320600271224976,-6.9206343,89.89999999999989,0.2007017582654953
"{'conv2d_1': 16, 'dense_1_part0': 16, 'dense_1_part1': 8, 'dense_1_part2': 16, 'dense_1_part3': 16, 'dense_1_part4': 8, 'dense_1_part5': 8, 'dense_1_part6': 16, 'dense_1_part7': 8, 'dense_1_part8': 8, 'dense_1_part9': 8, 'dense_1_part10': 8, 'dense_1_part11': 16, 'dense_1_part12': 8, 'dense_1_part13': 8, 'dense_1_part14': 8, 'dense_1_part15': 16, 'dense_1_part16': 16, 'dense_1_part17': 16, 'dense_1_part18': 16, 'dense_1_part19': 8, 'dense_1_part20': 16, 'dense_1_part21': 16, 'dense_1_part22': 16, 'dense_1_part23': 16, 'dense_1_part24': 16, 'dense_1_part25': 8, 'dense_1_part26': 16, 'dense_1_part27': 16, 'dense_1_part28': 16, 'dense_1_part29': 16, 'dense_1_part30': 8, 'dense_1_part31': 16}",90.03897533119972,9.886891,0.20320600271224976,-6.9206343,89.99999999999989,0.2007017582654953
"{'conv2d_1': 16, 'dense_1_part0': 16, 'dense_1_part1': 8, 'dense_1_part2': 16, 'dense_1_part3': 16, 'dense_1_part4': 8, 'dense_1_part5': 8, 'dense_1_part6': 16, 'dense_1_part7': 8, 'dense_1_part8': 8, 'dense_1_part9': 8, 'dense_1_part10': 8, 'dense_1_part11': 16, 'dense_1_part12': 8, 'dense_1_part13': 8, 'dense_1_part14': 8, 'dense_1_part15': 16, 'dense_1_part16': 16, 'dense_1_part17': 16, 'dense_1_part18': 16, 'dense_1_part19': 8, 'dense_1_part20': 16, 'dense_1_part21': 16, 'dense_1_part22': 16, 'dense_1_part23': 16, 'dense_1_part24': 16, 'dense_1_part25': 8, 'dense_1_part26': 16, 'dense_1_part27': 16, 'dense_1_part28': 16, 'dense_1_part29': 8, 'dense_1_part30': 8, 'dense_1_part31': 16}",90.23428112590739,9.886891,0.20335307717323303,-6.917493,90.09999999999988,0.2007017582654953
"{'conv2d_1': 16, 'dense_1_part0': 16, 'dense_1_part1': 8, 'dense_1_part2': 16, 'dense_1_part3': 16, 'dense_1_part4': 8, 'dense_1_part5': 8, 'dense_1_part6': 16, 'dense_1_part7': 8, 'dense_1_part8': 8, 'dense_1_part9': 8, 'dense_1_part10': 8, 'dense_1_part11': 16, 'dense_1_part12': 8, 'dense_1_part13': 8, 'dense_1_part14': 8, 'dense_1_part15': 16, 'dense_1_part16': 16, 'dense_1_part17': 16, 'dense_1_part18': 16, 'dense_1_part19': 8, 'dense_1_part20': 16, 'dense_1_part21': 16, 'dense_1_part22': 16, 'dense_1_part23': 16, 'dense_1_part24': 16, 'dense_1_part25': 8, 'dense_1_part26': 16, 'dense_1_part27': 16, 'dense_1_part28': 16, 'dense_1_part29': 8, 'dense_1_part30': 8, 'dense_1_part31': 16}",90.23428112590739,9.886891,0.20335307717323303,-6.917493,90.19999999999987,0.2007017582654953
"{'conv2d_1': 16, 'dense_1_part0': 16, 'dense_1_part1': 8, 'dense_1_part2': 16, 'dense_1_part3': 8, 'dense_1_part4': 8, 'dense_1_part5': 8, 'dense_1_part6': 16, 'dense_1_part7': 8, 'dense_1_part8': 8, 'dense_1_part9': 8, 'dense_1_part10': 8, 'dense_1_part11': 16, 'dense_1_part12': 8, 'dense_1_part13': 8, 'dense_1_part14': 8, 'dense_1_part15': 16, 'dense_1_part16': 16, 'dense_1_part17': 16, 'dense_1_part18': 16, 'dense_1_part19': 8, 'dense_1_part20': 16, 'dense_1_part21': 16, 'dense_1_part22': 16, 'dense_1_part23': 16, 'dense_1_part24': 16, 'dense_1_part25': 8, 'dense_1_part26': 16, 'dense_1_part27': 16, 'dense_1_part28': 16, 'dense_1_part29': 8, 'dense_1_part30': 8, 'dense_1_part31': 16}",90.42958692061505,9.886891,0.2030867636203766,-6.923184,90.29999999999987,0.2007017582654953
"{'conv2d_1': 16, 'dense_1_part0': 16, 'dense_1_part1': 8, 'dense_1_part2': 16, 'dense_1_part3': 8, 'dense_1_part4': 8, 'dense_1_part5': 8, 'dense_1_part6': 16, 'dense_1_part7': 8, 'dense_1_part8': 8, 'dense_1_part9': 8, 'dense_1_part10': 8, 'dense_1_part11': 16, 'dense_1_part12': 8, 'dense_1_part13': 8, 'dense_1_part14': 8, 'dense_1_part15': 16, 'dense_1_part16': 16, 'dense_1_part17': 16, 'dense_1_part18': 16, 'dense_1_part19': 8, 'dense_1_part20': 16, 'dense_1_part21': 16, 'dense_1_part22': 16, 'dense_1_part23': 16, 'dense_1_part24': 16, 'dense_1_part25': 8, 'dense_1_part26': 16, 'dense_1_part27': 16, 'dense_1_part28': 16, 'dense_1_part29': 8, 'dense_1_part30': 8, 'dense_1_part31': 16}",90.42958692061505,9.886891,0.2030867636203766,-6.923184,90.39999999999986,0.2007017582654953
"{'conv2d_1': 16, 'dense_1_part0': 16, 'dense_1_part1': 8, 'dense_1_part2': 16, 'dense_1_part3': 8, 'dense_1_part4': 8, 'dense_1_part5': 8, 'dense_1_part6': 16, 'dense_1_part7': 8, 'dense_1_part8': 8, 'dense_1_part9': 8, 'dense_1_part10': 8, 'dense_1_part11': 16, 'dense_1_part12': 8, 'dense_1_part13': 8, 'dense_1_part14': 8, 'dense_1_part15': 16, 'dense_1_part16': 16, 'dense_1_part17': 16, 'dense_1_part18': 16, 'dense_1_part19': 8, 'dense_1_part20': 16, 'dense_1_part21': 16, 'dense_1_part22': 16, 'dense_1_part23': 16, 'dense_1_part24': 16, 'dense_1_part25': 8, 'dense_1_part26': 16, 'dense_1_part27': 16, 'dense_1_part28': 8, 'dense_1_part29': 8, 'dense_1_part30': 8, 'dense_1_part31': 16}",90.62489271532273,9.886891,0.20305179059505463,-6.923932,90.49999999999986,0.2007017582654953
"{'conv2d_1': 16, 'dense_1_part0': 16, 'dense_1_part1': 8, 'dense_1_part2': 16, 'dense_1_part3': 8, 'dense_1_part4': 8, 'dense_1_part5': 8, 'dense_1_part6': 16, 'dense_1_part7': 8, 'dense_1_part8': 8, 'dense_1_part9': 8, 'dense_1_part10': 8, 'dense_1_part11': 16, 'dense_1_part12': 8, 'dense_1_part13': 8, 'dense_1_part14': 8, 'dense_1_part15': 16, 'dense_1_part16': 16, 'dense_1_part17': 16, 'dense_1_part18': 16, 'dense_1_part19': 8, 'dense_1_part20': 16, 'dense_1_part21': 16, 'dense_1_part22': 16, 'dense_1_part23': 16, 'dense_1_part24': 16, 'dense_1_part25': 8, 'dense_1_part26': 16, 'dense_1_part27': 16, 'dense_1_part28': 8, 'dense_1_part29': 8, 'dense_1_part30': 8, 'dense_1_part31': 16}",90.62489271532273,9.886891,0.20305179059505463,-6.923932,90.59999999999985,0.2007017582654953
"{'conv2d_1': 16, 'dense_1_part0': 16, 'dense_1_part1': 8, 'dense_1_part2': 16, 'dense_1_part3': 8, 'dense_1_part4': 8, 'dense_1_part5': 8, 'dense_1_part6': 16, 'dense_1_part7': 8, 'dense_1_part8': 8, 'dense_1_part9': 8, 'dense_1_part10': 8, 'dense_1_part11': 16, 'dense_1_part12': 8, 'dense_1_part13': 8, 'dense_1_part14': 8, 'dense_1_part15': 16, 'dense_1_part16': 16, 'dense_1_part17': 16, 'dense_1_part18': 16, 'dense_1_part19': 8, 'dense_1_part20': 8, 'dense_1_part21': 16, 'dense_1_part22': 16, 'dense_1_part23': 16, 'dense_1_part24': 16, 'dense_1_part25': 8, 'dense_1_part26': 16, 'dense_1_part27': 16, 'dense_1_part28': 8, 'dense_1_part29': 8, 'dense_1_part30': 8, 'dense_1_part31': 16}",90.82019851003041,9.886891,0.2029014378786087,-6.927149,90.69999999999985,0.2007017582654953
"{'conv2d_1': 16, 'dense_1_part0': 16, 'dense_1_part1': 8, 'dense_1_part2': 16, 'dense_1_part3': 8, 'dense_1_part4': 8, 'dense_1_part5': 8, 'dense_1_part6': 16, 'dense_1_part7': 8, 'dense_1_part8': 8, 'dense_1_part9': 8, 'dense_1_part10': 8, 'dense_1_part11': 16, 'dense_1_part12': 8, 'dense_1_part13': 8, 'dense_1_part14': 8, 'dense_1_part15': 16, 'dense_1_part16': 16, 'dense_1_part17': 16, 'dense_1_part18': 16, 'dense_1_part19': 8, 'dense_1_part20': 8, 'dense_1_part21': 16, 'dense_1_part22': 16, 'dense_1_part23': 16, 'dense_1_part24': 16, 'dense_1_part25': 8, 'dense_1_part26': 16, 'dense_1_part27': 16, 'dense_1_part28': 8, 'dense_1_part29': 8, 'dense_1_part30': 8, 'dense_1_part31': 16}",90.82019851003041,9.886891,0.2029014378786087,-6.927149,90.79999999999984,0.2007017582654953
"{'conv2d_1': 16, 'dense_1_part0': 16, 'dense_1_part1': 8, 'dense_1_part2': 16, 'dense_1_part3': 8, 'dense_1_part4': 8, 'dense_1_part5': 8, 'dense_1_part6': 16, 'dense_1_part7': 8, 'dense_1_part8': 8, 'dense_1_part9': 8, 'dense_1_part10': 8, 'dense_1_part11': 8, 'dense_1_part12': 8, 'dense_1_part13': 8, 'dense_1_part14': 8, 'dense_1_part15': 16, 'dense_1_part16': 16, 'dense_1_part17': 16, 'dense_1_part18': 16, 'dense_1_part19': 8, 'dense_1_part20': 8, 'dense_1_part21': 16, 'dense_1_part22': 16, 'dense_1_part23': 16, 'dense_1_part24': 16, 'dense_1_part25': 8, 'dense_1_part26': 16, 'dense_1_part27': 16, 'dense_1_part28': 8, 'dense_1_part29': 8, 'dense_1_part30': 8, 'dense_1_part31': 16}",91.01550430473807,9.886891,0.20329549908638,-6.918722,90.89999999999984,0.2007017582654953
"{'conv2d_1': 16, 'dense_1_part0': 16, 'dense_1_part1': 8, 'dense_1_part2': 16, 'dense_1_part3': 8, 'dense_1_part4': 8, 'dense_1_part5': 8, 'dense_1_part6': 16, 'dense_1_part7': 8, 'dense_1_part8': 8, 'dense_1_part9': 8, 'dense_1_part10': 8, 'dense_1_part11': 8, 'dense_1_part12': 8, 'dense_1_part13': 8, 'dense_1_part14': 8, 'dense_1_part15': 16, 'dense_1_part16': 16, 'dense_1_part17': 16, 'dense_1_part18': 16, 'dense_1_part19': 8, 'dense_1_part20': 8, 'dense_1_part21': 16, 'dense_1_part22': 16, 'dense_1_part23': 16, 'dense_1_part24': 16, 'dense_1_part25': 8, 'dense_1_part26': 16, 'dense_1_part27': 16, 'dense_1_part28': 8, 'dense_1_part29': 8, 'dense_1_part30': 8, 'dense_1_part31': 16}",91.01550430473807,9.886891,0.20329549908638,-6.918722,90.99999999999983,0.2007017582654953
"{'conv2d_1': 16, 'dense_1_part0': 16, 'dense_1_part1': 8, 'dense_1_part2': 16, 'dense_1_part3': 8, 'dense_1_part4': 8, 'dense_1_part5': 8, 'dense_1_part6': 16, 'dense_1_part7': 8, 'dense_1_part8': 8, 'dense_1_part9': 8, 'dense_1_part10': 8, 'dense_1_part11': 8, 'dense_1_part12': 8, 'dense_1_part13': 8, 'dense_1_part14': 8, 'dense_1_part15': 16, 'dense_1_part16': 16, 'dense_1_part17': 8, 'dense_1_part18': 16, 'dense_1_part19': 8, 'dense_1_part20': 8, 'dense_1_part21': 16, 'dense_1_part22': 16, 'dense_1_part23': 16, 'dense_1_part24': 16, 'dense_1_part25': 8, 'dense_1_part26': 16, 'dense_1_part27': 16, 'dense_1_part28': 8, 'dense_1_part29': 8, 'dense_1_part30': 8, 'dense_1_part31': 16}",91.21081009944574,9.886891,0.2036237120628357,-6.9117165,91.09999999999982,0.2007017582654953
"{'conv2d_1': 16, 'dense_1_part0': 16, 'dense_1_part1': 8, 'dense_1_part2': 16, 'dense_1_part3': 8, 'dense_1_part4': 8, 'dense_1_part5': 8, 'dense_1_part6': 16, 'dense_1_part7': 8, 'dense_1_part8': 8, 'dense_1_part9': 8, 'dense_1_part10': 8, 'dense_1_part11': 8, 'dense_1_part12': 8, 'dense_1_part13': 8, 'dense_1_part14': 8, 'dense_1_part15': 16, 'dense_1_part16': 16, 'dense_1_part17': 8, 'dense_1_part18': 16, 'dense_1_part19': 8, 'dense_1_part20': 8, 'dense_1_part21': 16, 'dense_1_part22': 16, 'dense_1_part23': 16, 'dense_1_part24': 16, 'dense_1_part25': 8, 'dense_1_part26': 16, 'dense_1_part27': 16, 'dense_1_part28': 8, 'dense_1_part29': 8, 'dense_1_part30': 8, 'dense_1_part31': 16}",91.21081009944574,9.886891,0.2036237120628357,-6.9117165,91.19999999999982,0.2007017582654953
"{'conv2d_1': 16, 'dense_1_part0': 16, 'dense_1_part1': 8, 'dense_1_part2': 16, 'dense_1_part3': 8, 'dense_1_part4': 8, 'dense_1_part5': 8, 'dense_1_part6': 16, 'dense_1_part7': 8, 'dense_1_part8': 8, 'dense_1_part9': 8, 'dense_1_part10': 8, 'dense_1_part11': 8, 'dense_1_part12': 8, 'dense_1_part13': 8, 'dense_1_part14': 8, 'dense_1_part15': 16, 'dense_1_part16': 16, 'dense_1_part17': 8, 'dense_1_part18': 16, 'dense_1_part19': 8, 'dense_1_part20': 8, 'dense_1_part21': 16, 'dense_1_part22': 16, 'dense_1_part23': 16, 'dense_1_part24': 16, 'dense_1_part25': 8, 'dense_1_part26': 8, 'dense_1_part27': 16, 'dense_1_part28': 8, 'dense_1_part29': 8, 'dense_1_part30': 8, 'dense_1_part31': 16}",91.40611589415342,9.886891,0.20280314981937408,-6.9292526,91.29999999999981,0.2007017582654953
"{'conv2d_1': 16, 'dense_1_part0': 16, 'dense_1_part1': 8, 'dense_1_part2': 16, 'dense_1_part3': 8, 'dense_1_part4': 8, 'dense_1_part5': 8, 'dense_1_part6': 16, 'dense_1_part7': 8, 'dense_1_part8': 8, 'dense_1_part9': 8, 'dense_1_part10': 8, 'dense_1_part11': 8, 'dense_1_part12': 8, 'dense_1_part13': 8, 'dense_1_part14': 8, 'dense_1_part15': 16, 'dense_1_part16': 16, 'dense_1_part17': 8, 'dense_1_part18': 16, 'dense_1_part19': 8, 'dense_1_part20': 8, 'dense_1_part21': 16, 'dense_1_part22': 16, 'dense_1_part23': 16, 'dense_1_part24': 16, 'dense_1_part25': 8, 'dense_1_part26': 8, 'dense_1_part27': 16, 'dense_1_part28': 8, 'dense_1_part29': 8, 'dense_1_part30': 8, 'dense_1_part31': 16}",91.40611589415342,9.886891,0.20280314981937408,-6.9292526,91.3999999999998,0.2007017582654953
"{'conv2d_1': 16, 'dense_1_part0': 16, 'dense_1_part1': 8, 'dense_1_part2': 16, 'dense_1_part3': 8, 'dense_1_part4': 8, 'dense_1_part5': 8, 'dense_1_part6': 8, 'dense_1_part7': 8, 'dense_1_part8': 8, 'dense_1_part9': 8, 'dense_1_part10': 8, 'dense_1_part11': 8, 'dense_1_part12': 8, 'dense_1_part13': 8, 'dense_1_part14': 8, 'dense_1_part15': 16, 'dense_1_part16': 16, 'dense_1_part17': 8, 'dense_1_part18': 16, 'dense_1_part19': 8, 'dense_1_part20': 8, 'dense_1_part21': 16, 'dense_1_part22': 16, 'dense_1_part23': 16, 'dense_1_part24': 16, 'dense_1_part25': 8, 'dense_1_part26': 8, 'dense_1_part27': 16, 'dense_1_part28': 8, 'dense_1_part29': 8, 'dense_1_part30': 8, 'dense_1_part31': 16}",91.60142168886108,9.886891,0.20261558890342712,-6.9332714,91.4999999999998,0.2007017582654953
"{'conv2d_1': 16, 'dense_1_part0': 16, 'dense_1_part1': 8, 'dense_1_part2': 16, 'dense_1_part3': 8, 'dense_1_part4': 8, 'dense_1_part5': 8, 'dense_1_part6': 8, 'dense_1_part7': 8, 'dense_1_part8': 8, 'dense_1_part9': 8, 'dense_1_part10': 8, 'dense_1_part11': 8, 'dense_1_part12': 8, 'dense_1_part13': 8, 'dense_1_part14': 8, 'dense_1_part15': 16, 'dense_1_part16': 16, 'dense_1_part17': 8, 'dense_1_part18': 16, 'dense_1_part19': 8, 'dense_1_part20': 8, 'dense_1_part21': 16, 'dense_1_part22': 16, 'dense_1_part23': 16, 'dense_1_part24': 16, 'dense_1_part25': 8, 'dense_1_part26': 8, 'dense_1_part27': 16, 'dense_1_part28': 8, 'dense_1_part29': 8, 'dense_1_part30': 8, 'dense_1_part31': 16}",91.60142168886108,9.886891,0.20261558890342712,-6.9332714,91.5999999999998,0.2007017582654953
"{'conv2d_1': 16, 'dense_1_part0': 16, 'dense_1_part1': 8, 'dense_1_part2': 16, 'dense_1_part3': 8, 'dense_1_part4': 8, 'dense_1_part5': 8, 'dense_1_part6': 8, 'dense_1_part7': 8, 'dense_1_part8': 8, 'dense_1_part9': 8, 'dense_1_part10': 8, 'dense_1_part11': 8, 'dense_1_part12': 8, 'dense_1_part13': 8, 'dense_1_part14': 8, 'dense_1_part15': 16, 'dense_1_part16': 16, 'dense_1_part17': 8, 'dense_1_part18': 16, 'dense_1_part19': 8, 'dense_1_part20': 8, 'dense_1_part21': 16, 'dense_1_part22': 16, 'dense_1_part23': 16, 'dense_1_part24': 8, 'dense_1_part25': 8, 'dense_1_part26': 8, 'dense_1_part27': 16, 'dense_1_part28': 8, 'dense_1_part29': 8, 'dense_1_part30': 8, 'dense_1_part31': 16}",91.79672748356876,9.886891,0.20198486745357513,-6.9468117,91.69999999999979,0.2007017582654953
"{'conv2d_1': 16, 'dense_1_part0': 16, 'dense_1_part1': 8, 'dense_1_part2': 16, 'dense_1_part3': 8, 'dense_1_part4': 8, 'dense_1_part5': 8, 'dense_1_part6': 8, 'dense_1_part7': 8, 'dense_1_part8': 8, 'dense_1_part9': 8, 'dense_1_part10': 8, 'dense_1_part11': 8, 'dense_1_part12': 8, 'dense_1_part13': 8, 'dense_1_part14': 8, 'dense_1_part15': 16, 'dense_1_part16': 16, 'dense_1_part17': 8, 'dense_1_part18': 16, 'dense_1_part19': 8, 'dense_1_part20': 8, 'dense_1_part21': 16, 'dense_1_part22': 16, 'dense_1_part23': 8, 'dense_1_part24': 8, 'dense_1_part25': 8, 'dense_1_part26': 8, 'dense_1_part27': 16, 'dense_1_part28': 8, 'dense_1_part29': 8, 'dense_1_part30': 8, 'dense_1_part31': 16}",91.99203327827644,9.886891,0.20265094935894012,-6.9325137,91.79999999999978,0.2007017582654953
"{'conv2d_1': 16, 'dense_1_part0': 16, 'dense_1_part1': 8, 'dense_1_part2': 16, 'dense_1_part3': 8, 'dense_1_part4': 8, 'dense_1_part5': 8, 'dense_1_part6': 8, 'dense_1_part7': 8, 'dense_1_part8': 8, 'dense_1_part9': 8, 'dense_1_part10': 8, 'dense_1_part11': 8, 'dense_1_part12': 8, 'dense_1_part13': 8, 'dense_1_part14': 8, 'dense_1_part15': 16, 'dense_1_part16': 16, 'dense_1_part17': 8, 'dense_1_part18': 16, 'dense_1_part19': 8, 'dense_1_part20': 8, 'dense_1_part21': 16, 'dense_1_part22': 16, 'dense_1_part23': 8, 'dense_1_part24': 8, 'dense_1_part25': 8, 'dense_1_part26': 8, 'dense_1_part27': 16, 'dense_1_part28': 8, 'dense_1_part29': 8, 'dense_1_part30': 8, 'dense_1_part31': 16}",91.99203327827644,9.886891,0.20265094935894012,-6.9325137,91.89999999999978,0.2007017582654953
"{'conv2d_1': 16, 'dense_1_part0': 16, 'dense_1_part1': 8, 'dense_1_part2': 16, 'dense_1_part3': 8, 'dense_1_part4': 8, 'dense_1_part5': 8, 'dense_1_part6': 8, 'dense_1_part7': 8, 'dense_1_part8': 8, 'dense_1_part9': 8, 'dense_1_part10': 8, 'dense_1_part11': 8, 'dense_1_part12': 8, 'dense_1_part13': 8, 'dense_1_part14': 8, 'dense_1_part15': 8, 'dense_1_part16': 16, 'dense_1_part17': 8, 'dense_1_part18': 16, 'dense_1_part19': 8, 'dense_1_part20': 8, 'dense_1_part21': 16, 'dense_1_part22': 16, 'dense_1_part23': 8, 'dense_1_part24': 8, 'dense_1_part25': 8, 'dense_1_part26': 8, 'dense_1_part27': 16, 'dense_1_part28': 8, 'dense_1_part29': 8, 'dense_1_part30': 8, 'dense_1_part31': 16}",92.1873390729841,9.886891,0.20255404710769653,-6.934591,91.99999999999977,0.2007017582654953
"{'conv2d_1': 16, 'dense_1_part0': 16, 'dense_1_part1': 8, 'dense_1_part2': 16, 'dense_1_part3': 8, 'dense_1_part4': 8, 'dense_1_part5': 8, 'dense_1_part6': 8, 'dense_1_part7': 8, 'dense_1_part8': 8, 'dense_1_part9': 8, 'dense_1_part10': 8, 'dense_1_part11': 8, 'dense_1_part12': 8, 'dense_1_part13': 8, 'dense_1_part14': 8, 'dense_1_part15': 8, 'dense_1_part16': 16, 'dense_1_part17': 8, 'dense_1_part18': 16, 'dense_1_part19': 8, 'dense_1_part20': 8, 'dense_1_part21': 16, 'dense_1_part22': 16, 'dense_1_part23': 8, 'dense_1_part24': 8, 'dense_1_part25': 8, 'dense_1_part26': 8, 'dense_1_part27': 16, 'dense_1_part28': 8, 'dense_1_part29': 8, 'dense_1_part30': 8, 'dense_1_part31': 16}",92.1873390729841,9.886891,0.20255404710769653,-6.934591,92.09999999999977,0.2007017582654953
"{'conv2d_1': 16, 'dense_1_part0': 16, 'dense_1_part1': 8, 'dense_1_part2': 8, 'dense_1_part3': 8, 'dense_1_part4': 8, 'dense_1_part5': 8, 'dense_1_part6': 8, 'dense_1_part7': 8, 'dense_1_part8': 8, 'dense_1_part9': 8, 'dense_1_part10': 8, 'dense_1_part11': 8, 'dense_1_part12': 8, 'dense_1_part13': 8, 'dense_1_part14': 8, 'dense_1_part15': 8, 'dense_1_part16': 16, 'dense_1_part17': 8, 'dense_1_part18': 16, 'dense_1_part19': 8, 'dense_1_part20': 8, 'dense_1_part21': 16, 'dense_1_part22': 16, 'dense_1_part23': 8, 'dense_1_part24': 8, 'dense_1_part25': 8, 'dense_1_part26': 8, 'dense_1_part27': 16, 'dense_1_part28': 8, 'dense_1_part29': 8, 'dense_1_part30': 8, 'dense_1_part31': 16}",92.38264486769177,9.886891,0.20179305970668793,-6.9509373,92.19999999999976,0.2007017582654953
"{'conv2d_1': 16, 'dense_1_part0': 16, 'dense_1_part1': 8, 'dense_1_part2': 8, 'dense_1_part3': 8, 'dense_1_part4': 8, 'dense_1_part5': 8, 'dense_1_part6': 8, 'dense_1_part7': 8, 'dense_1_part8': 8, 'dense_1_part9': 8, 'dense_1_part10': 8, 'dense_1_part11': 8, 'dense_1_part12': 8, 'dense_1_part13': 8, 'dense_1_part14': 8, 'dense_1_part15': 8, 'dense_1_part16': 16, 'dense_1_part17': 8, 'dense_1_part18': 16, 'dense_1_part19': 8, 'dense_1_part20': 8, 'dense_1_part21': 16, 'dense_1_part22': 16, 'dense_1_part23': 8, 'dense_1_part24': 8, 'dense_1_part25': 8, 'dense_1_part26': 8, 'dense_1_part27': 16, 'dense_1_part28': 8, 'dense_1_part29': 8, 'dense_1_part30': 8, 'dense_1_part31': 16}",92.38264486769177,9.886891,0.20179305970668793,-6.9509373,92.29999999999976,0.2007017582654953
"{'conv2d_1': 16, 'dense_1_part0': 16, 'dense_1_part1': 8, 'dense_1_part2': 8, 'dense_1_part3': 8, 'dense_1_part4': 8, 'dense_1_part5': 8, 'dense_1_part6': 8, 'dense_1_part7': 8, 'dense_1_part8': 8, 'dense_1_part9': 8, 'dense_1_part10': 8, 'dense_1_part11': 8, 'dense_1_part12': 8, 'dense_1_part13': 8, 'dense_1_part14': 8, 'dense_1_part15': 8, 'dense_1_part16': 16, 'dense_1_part17': 8, 'dense_1_part18': 16, 'dense_1_part19': 8, 'dense_1_part20': 8, 'dense_1_part21': 8, 'dense_1_part22': 16, 'dense_1_part23': 8, 'dense_1_part24': 8, 'dense_1_part25': 8, 'dense_1_part26': 8, 'dense_1_part27': 16, 'dense_1_part28': 8, 'dense_1_part29': 8, 'dense_1_part30': 8, 'dense_1_part31': 16}",92.57795066239945,9.886891,0.2007017582654953,-6.9744883,92.39999999999975,0.2007017582654953
"{'conv2d_1': 16, 'dense_1_part0': 16, 'dense_1_part1': 8, 'dense_1_part2': 8, 'dense_1_part3': 8, 'dense_1_part4': 8, 'dense_1_part5': 8, 'dense_1_part6': 8, 'dense_1_part7': 8, 'dense_1_part8': 8, 'dense_1_part9': 8, 'dense_1_part10': 8, 'dense_1_part11': 8, 'dense_1_part12': 8, 'dense_1_part13': 8, 'dense_1_part14': 8, 'dense_1_part15': 8, 'dense_1_part16': 16, 'dense_1_part17': 8, 'dense_1_part18': 16, 'dense_1_part19': 8, 'dense_1_part20': 8, 'dense_1_part21': 8, 'dense_1_part22': 16, 'dense_1_part23': 8, 'dense_1_part24': 8, 'dense_1_part25': 8, 'dense_1_part26': 8, 'dense_1_part27': 16, 'dense_1_part28': 8, 'dense_1_part29': 8, 'dense_1_part30': 8, 'dense_1_part31': 16}",92.57795066239945,9.886891,0.2007017582654953,-6.9744883,92.49999999999974,0.2007017582654953
"{'conv2d_1': 16, 'dense_1_part0': 16, 'dense_1_part1': 8, 'dense_1_part2': 8, 'dense_1_part3': 8, 'dense_1_part4': 8, 'dense_1_part5': 8, 'dense_1_part6': 8, 'dense_1_part7': 8, 'dense_1_part8': 8, 'dense_1_part9': 8, 'dense_1_part10': 8, 'dense_1_part11': 8, 'dense_1_part12': 8, 'dense_1_part13': 8, 'dense_1_part14': 8, 'dense_1_part15': 8, 'dense_1_part16': 16, 'dense_1_part17': 8, 'dense_1_part18': 16, 'dense_1_part19': 8, 'dense_1_part20': 8, 'dense_1_part21': 8, 'dense_1_part22': 8, 'dense_1_part23': 8, 'dense_1_part24': 8, 'dense_1_part25': 8, 'dense_1_part26': 8, 'dense_1_part27': 16, 'dense_1_part28': 8, 'dense_1_part29': 8, 'dense_1_part30': 8, 'dense_1_part31': 16}",92.77325645710711,9.886891,0.2027648389339447,-6.9300737,92.59999999999974,0.2015123963356018
"{'conv2d_1': 16, 'dense_1_part0': 16, 'dense_1_part1': 8, 'dense_1_part2': 8, 'dense_1_part3': 8, 'dense_1_part4': 8, 'dense_1_part5': 8, 'dense_1_part6': 8, 'dense_1_part7': 8, 'dense_1_part8': 8, 'dense_1_part9': 8, 'dense_1_part10': 8, 'dense_1_part11': 8, 'dense_1_part12': 8, 'dense_1_part13': 8, 'dense_1_part14': 8, 'dense_1_part15': 8, 'dense_1_part16': 16, 'dense_1_part17': 8, 'dense_1_part18': 16, 'dense_1_part19': 8, 'dense_1_part20': 8, 'dense_1_part21': 8, 'dense_1_part22': 8, 'dense_1_part23': 8, 'dense_1_part24': 8, 'dense_1_part25': 8, 'dense_1_part26': 8, 'dense_1_part27': 16, 'dense_1_part28': 8, 'dense_1_part29': 8, 'dense_1_part30': 8, 'dense_1_part31': 16}",92.77325645710711,9.886891,0.2027648389339447,-6.9300737,92.69999999999973,0.2015123963356018
"{'conv2d_1': 16, 'dense_1_part0': 16, 'dense_1_part1': 8, 'dense_1_part2': 8, 'dense_1_part3': 8, 'dense_1_part4': 8, 'dense_1_part5': 8, 'dense_1_part6': 8, 'dense_1_part7': 8, 'dense_1_part8': 8, 'dense_1_part9': 8, 'dense_1_part10': 8, 'dense_1_part11': 8, 'dense_1_part12': 8, 'dense_1_part13': 8, 'dense_1_part14': 8, 'dense_1_part15': 8, 'dense_1_part16': 16, 'dense_1_part17': 8, 'dense_1_part18': 16, 'dense_1_part19': 8, 'dense_1_part20': 8, 'dense_1_part21': 8, 'dense_1_part22': 8, 'dense_1_part23': 8, 'dense_1_part24': 8, 'dense_1_part25': 8, 'dense_1_part26': 8, 'dense_1_part27': 8, 'dense_1_part28': 8, 'dense_1_part29': 8, 'dense_1_part30': 8, 'dense_1_part31': 16}",92.96856225181477,9.886891,0.2021678388118744,-6.9428797,92.79999999999973,0.2015123963356018
"{'conv2d_1': 16, 'dense_1_part0': 16, 'dense_1_part1': 8, 'dense_1_part2': 8, 'dense_1_part3': 8, 'dense_1_part4': 8, 'dense_1_part5': 8, 'dense_1_part6': 8, 'dense_1_part7': 8, 'dense_1_part8': 8, 'dense_1_part9': 8, 'dense_1_part10': 8, 'dense_1_part11': 8, 'dense_1_part12': 8, 'dense_1_part13': 8, 'dense_1_part14': 8, 'dense_1_part15': 8, 'dense_1_part16': 16, 'dense_1_part17': 8, 'dense_1_part18': 16, 'dense_1_part19': 8, 'dense_1_part20': 8, 'dense_1_part21': 8, 'dense_1_part22': 8, 'dense_1_part23': 8, 'dense_1_part24': 8, 'dense_1_part25': 8, 'dense_1_part26': 8, 'dense_1_part27': 8, 'dense_1_part28': 8, 'dense_1_part29': 8, 'dense_1_part30': 8, 'dense_1_part31': 16}",92.96856225181477,9.886891,0.2021678388118744,-6.9428797,92.89999999999972,0.2015123963356018
"{'conv2d_1': 16, 'dense_1_part0': 16, 'dense_1_part1': 8, 'dense_1_part2': 8, 'dense_1_part3': 8, 'dense_1_part4': 8, 'dense_1_part5': 8, 'dense_1_part6': 8, 'dense_1_part7': 8, 'dense_1_part8': 8, 'dense_1_part9': 8, 'dense_1_part10': 8, 'dense_1_part11': 8, 'dense_1_part12': 8, 'dense_1_part13': 8, 'dense_1_part14': 8, 'dense_1_part15': 8, 'dense_1_part16': 16, 'dense_1_part17': 8, 'dense_1_part18': 8, 'dense_1_part19': 8, 'dense_1_part20': 8, 'dense_1_part21': 8, 'dense_1_part22': 8, 'dense_1_part23': 8, 'dense_1_part24': 8, 'dense_1_part25': 8, 'dense_1_part26': 8, 'dense_1_part27': 8, 'dense_1_part28': 8, 'dense_1_part29': 8, 'dense_1_part30': 8, 'dense_1_part31': 16}",93.16386804652245,9.886891,0.2015123963356018,-6.9569826,92.99999999999972,0.2015123963356018
"{'conv2d_1': 16, 'dense_1_part0': 16, 'dense_1_part1': 8, 'dense_1_part2': 8, 'dense_1_part3': 8, 'dense_1_part4': 8, 'dense_1_part5': 8, 'dense_1_part6': 8, 'dense_1_part7': 8, 'dense_1_part8': 8, 'dense_1_part9': 8, 'dense_1_part10': 8, 'dense_1_part11': 8, 'dense_1_part12': 8, 'dense_1_part13': 8, 'dense_1_part14': 8, 'dense_1_part15': 8, 'dense_1_part16': 16, 'dense_1_part17': 8, 'dense_1_part18': 8, 'dense_1_part19': 8, 'dense_1_part20': 8, 'dense_1_part21': 8, 'dense_1_part22': 8, 'dense_1_part23': 8, 'dense_1_part24': 8, 'dense_1_part25': 8, 'dense_1_part26': 8, 'dense_1_part27': 8, 'dense_1_part28': 8, 'dense_1_part29': 8, 'dense_1_part30': 8, 'dense_1_part31': 16}",93.16386804652245,9.886891,0.2015123963356018,-6.9569826,93.09999999999971,0.2015123963356018
"{'conv2d_1': 16, 'dense_1_part0': 8, 'dense_1_part1': 8, 'dense_1_part2': 8, 'dense_1_part3': 8, 'dense_1_part4': 8, 'dense_1_part5': 8, 'dense_1_part6': 8, 'dense_1_part7': 8, 'dense_1_part8': 8, 'dense_1_part9': 8, 'dense_1_part10': 8, 'dense_1_part11': 8, 'dense_1_part12': 8, 'dense_1_part13': 8, 'dense_1_part14': 8, 'dense_1_part15': 8, 'dense_1_part16': 16, 'dense_1_part17': 8, 'dense_1_part18': 8, 'dense_1_part19': 8, 'dense_1_part20': 8, 'dense_1_part21': 8, 'dense_1_part22': 8, 'dense_1_part23': 8, 'dense_1_part24': 8, 'dense_1_part25': 8, 'dense_1_part26': 8, 'dense_1_part27': 8, 'dense_1_part28': 8, 'dense_1_part29': 8, 'dense_1_part30': 8, 'dense_1_part31': 16}",93.35917384123013,9.886891,0.20203228294849396,-6.945792,93.1999999999997,0.20203228294849396
"{'conv2d_1': 16, 'dense_1_part0': 8, 'dense_1_part1': 8, 'dense_1_part2': 8, 'dense_1_part3': 8, 'dense_1_part4': 8, 'dense_1_part5': 8, 'dense_1_part6': 8, 'dense_1_part7': 8, 'dense_1_part8': 8, 'dense_1_part9': 8, 'dense_1_part10': 8, 'dense_1_part11': 8, 'dense_1_part12': 8, 'dense_1_part13': 8, 'dense_1_part14': 8, 'dense_1_part15': 8, 'dense_1_part16': 16, 'dense_1_part17': 8, 'dense_1_part18': 8, 'dense_1_part19': 8, 'dense_1_part20': 8, 'dense_1_part21': 8, 'dense_1_part22': 8, 'dense_1_part23': 8, 'dense_1_part24': 8, 'dense_1_part25': 8, 'dense_1_part26': 8, 'dense_1_part27': 8, 'dense_1_part28': 8, 'dense_1_part29': 8, 'dense_1_part30': 8, 'dense_1_part31': 16}",93.35917384123013,9.886891,0.20203228294849396,-6.945792,93.2999999999997,0.20203228294849396
"{'conv2d_1': 16, 'dense_1_part0': 8, 'dense_1_part1': 8, 'dense_1_part2': 8, 'dense_1_part3': 8, 'dense_1_part4': 8, 'dense_1_part5': 8, 'dense_1_part6': 8, 'dense_1_part7': 8, 'dense_1_part8': 8, 'dense_1_part9': 8, 'dense_1_part10': 8, 'dense_1_part11': 8, 'dense_1_part12': 8, 'dense_1_part13': 8, 'dense_1_part14': 8, 'dense_1_part15': 8, 'dense_1_part16': 8, 'dense_1_part17': 8, 'dense_1_part18': 8, 'dense_1_part19': 8, 'dense_1_part20': 8, 'dense_1_part21': 8, 'dense_1_part22': 8, 'dense_1_part23': 8, 'dense_1_part24': 8, 'dense_1_part25': 8, 'dense_1_part26': 8, 'dense_1_part27': 8, 'dense_1_part28': 8, 'dense_1_part29': 8, 'dense_1_part30': 8, 'dense_1_part31': 16}",93.5544796359378,9.886891,0.20259837806224823,-6.9336405,93.3999999999997,0.20259837806224823
"{'conv2d_1': 16, 'dense_1_part0': 8, 'dense_1_part1': 8, 'dense_1_part2': 8, 'dense_1_part3': 8, 'dense_1_part4': 8, 'dense_1_part5': 8, 'dense_1_part6': 8, 'dense_1_part7': 8, 'dense_1_part8': 8, 'dense_1_part9': 8, 'dense_1_part10': 8, 'dense_1_part11': 8, 'dense_1_part12': 8, 'dense_1_part13': 8, 'dense_1_part14': 8, 'dense_1_part15': 8, 'dense_1_part16': 8, 'dense_1_part17': 8, 'dense_1_part18': 8, 'dense_1_part19': 8, 'dense_1_part20': 8, 'dense_1_part21': 8, 'dense_1_part22': 8, 'dense_1_part23': 8, 'dense_1_part24': 8, 'dense_1_part25': 8, 'dense_1_part26': 8, 'dense_1_part27': 8, 'dense_1_part28': 8, 'dense_1_part29': 8, 'dense_1_part30': 8, 'dense_1_part31': 16}",93.5544796359378,9.886891,0.20259837806224823,-6.9336405,93.49999999999969,0.20259837806224823
"{'conv2d_1': 16, 'dense_1_part0': 8, 'dense_1_part1': 8, 'dense_1_part2': 8, 'dense_1_part3': 8, 'dense_1_part4': 8, 'dense_1_part5': 8, 'dense_1_part6': 8, 'dense_1_part7': 8, 'dense_1_part8': 8, 'dense_1_part9': 8, 'dense_1_part10': 8, 'dense_1_part11': 8, 'dense_1_part12': 8, 'dense_1_part13': 8, 'dense_1_part14': 8, 'dense_1_part15': 8, 'dense_1_part16': 8, 'dense_1_part17': 8, 'dense_1_part18': 8, 'dense_1_part19': 8, 'dense_1_part20': 8, 'dense_1_part21': 8, 'dense_1_part22': 8, 'dense_1_part23': 8, 'dense_1_part24': 8, 'dense_1_part25': 8, 'dense_1_part26': 8, 'dense_1_part27': 8, 'dense_1_part28': 8, 'dense_1_part29': 8, 'dense_1_part30': 8, 'dense_1_part31': 8}",93.74978543064546,9.886891,0.203349769115448,-6.917563,93.59999999999968,0.203349769115448
"{'conv2d_1': 16, 'dense_1_part0': 8, 'dense_1_part1': 8, 'dense_1_part2': 8, 'dense_1_part3': 8, 'dense_1_part4': 8, 'dense_1_part5': 8, 'dense_1_part6': 8, 'dense_1_part7': 8, 'dense_1_part8': 8, 'dense_1_part9': 8, 'dense_1_part10': 8, 'dense_1_part11': 8, 'dense_1_part12': 8, 'dense_1_part13': 8, 'dense_1_part14': 8, 'dense_1_part15': 8, 'dense_1_part16': 8, 'dense_1_part17': 8, 'dense_1_part18': 8, 'dense_1_part19': 8, 'dense_1_part20': 8, 'dense_1_part21': 8, 'dense_1_part22': 8, 'dense_1_part23': 8, 'dense_1_part24': 8, 'dense_1_part25': 8, 'dense_1_part26': 8, 'dense_1_part27': 8, 'dense_1_part28': 8, 'dense_1_part29': 8, 'dense_1_part30': 8, 'dense_1_part31': 8}",93.74978543064546,9.886891,0.203349769115448,-6.917563,93.69999999999968,0.203349769115448
"{'conv2d_1': 16, 'dense_1_part0': 8, 'dense_1_part1': 8, 'dense_1_part2': 8, 'dense_1_part3': 8, 'dense_1_part4': 8, 'dense_1_part5': 8, 'dense_1_part6': 8, 'dense_1_part7': 8, 'dense_1_part8': 8, 'dense_1_part9': 8, 'dense_1_part10': 8, 'dense_1_part11': 8, 'dense_1_part12': 4, 'dense_1_part13': 8, 'dense_1_part14': 8, 'dense_1_part15': 8, 'dense_1_part16': 8, 'dense_1_part17': 8, 'dense_1_part18': 8, 'dense_1_part19': 8, 'dense_1_part20': 8, 'dense_1_part21': 8, 'dense_1_part22': 8, 'dense_1_part23': 8, 'dense_1_part24': 8, 'dense_1_part25': 8, 'dense_1_part26': 8, 'dense_1_part27': 8, 'dense_1_part28': 8, 'dense_1_part29': 8, 'dense_1_part30': 8, 'dense_1_part31': 8}",93.8474383279993,9.886891,0.20704206824302673,-6.839414,93.79999999999967,0.20704206824302673
"{'conv2d_1': 16, 'dense_1_part0': 8, 'dense_1_part1': 8, 'dense_1_part2': 8, 'dense_1_part3': 8, 'dense_1_part4': 8, 'dense_1_part5': 8, 'dense_1_part6': 8, 'dense_1_part7': 8, 'dense_1_part8': 8, 'dense_1_part9': 8, 'dense_1_part10': 8, 'dense_1_part11': 8, 'dense_1_part12': 4, 'dense_1_part13': 8, 'dense_1_part14': 8, 'dense_1_part15': 8, 'dense_1_part16': 8, 'dense_1_part17': 8, 'dense_1_part18': 8, 'dense_1_part19': 8, 'dense_1_part20': 8, 'dense_1_part21': 8, 'dense_1_part22': 8, 'dense_1_part23': 8, 'dense_1_part24': 8, 'dense_1_part25': 4, 'dense_1_part26': 8, 'dense_1_part27': 8, 'dense_1_part28': 8, 'dense_1_part29': 8, 'dense_1_part30': 8, 'dense_1_part31': 8}",93.94509122535312,9.886891,0.20913700759410858,-6.7956915,93.89999999999966,0.20913700759410858
"{'conv2d_1': 16, 'dense_1_part0': 8, 'dense_1_part1': 8, 'dense_1_part2': 8, 'dense_1_part3': 8, 'dense_1_part4': 8, 'dense_1_part5': 8, 'dense_1_part6': 8, 'dense_1_part7': 8, 'dense_1_part8': 8, 'dense_1_part9': 8, 'dense_1_part10': 8, 'dense_1_part11': 8, 'dense_1_part12': 4, 'dense_1_part13': 8, 'dense_1_part14': 4, 'dense_1_part15': 8, 'dense_1_part16': 8, 'dense_1_part17': 8, 'dense_1_part18': 8, 'dense_1_part19': 8, 'dense_1_part20': 8, 'dense_1_part21': 8, 'dense_1_part22': 8, 'dense_1_part23': 8, 'dense_1_part24': 8, 'dense_1_part25': 4, 'dense_1_part26': 8, 'dense_1_part27': 8, 'dense_1_part28': 8, 'dense_1_part29': 8, 'dense_1_part30': 8, 'dense_1_part31': 8}",94.04274412270696,9.886891,0.2115934044122696,-6.744979,93.99999999999966,0.2115934044122696
"{'conv2d_1': 16, 'dense_1_part0': 8, 'dense_1_part1': 8, 'dense_1_part2': 8, 'dense_1_part3': 8, 'dense_1_part4': 8, 'dense_1_part5': 8, 'dense_1_part6': 8, 'dense_1_part7': 8, 'dense_1_part8': 4, 'dense_1_part9': 8, 'dense_1_part10': 8, 'dense_1_part11': 8, 'dense_1_part12': 4, 'dense_1_part13': 8, 'dense_1_part14': 4, 'dense_1_part15': 8, 'dense_1_part16': 8, 'dense_1_part17': 8, 'dense_1_part18': 8, 'dense_1_part19': 8, 'dense_1_part20': 8, 'dense_1_part21': 8, 'dense_1_part22': 8, 'dense_1_part23': 8, 'dense_1_part24': 8, 'dense_1_part25': 4, 'dense_1_part26': 8, 'dense_1_part27': 8, 'dense_1_part28': 8, 'dense_1_part29': 8, 'dense_1_part30': 8, 'dense_1_part31': 8}",94.1403970200608,9.886891,0.21639662981033325,-6.6474953,94.09999999999965,0.21639662981033325
"{'conv2d_1': 16, 'dense_1_part0': 8, 'dense_1_part1': 8, 'dense_1_part2': 8, 'dense_1_part3': 8, 'dense_1_part4': 8, 'dense_1_part5': 4, 'dense_1_part6': 8, 'dense_1_part7': 8, 'dense_1_part8': 4, 'dense_1_part9': 8, 'dense_1_part10': 8, 'dense_1_part11': 8, 'dense_1_part12': 4, 'dense_1_part13': 8, 'dense_1_part14': 4, 'dense_1_part15': 8, 'dense_1_part16': 8, 'dense_1_part17': 8, 'dense_1_part18': 8, 'dense_1_part19': 8, 'dense_1_part20': 8, 'dense_1_part21': 8, 'dense_1_part22': 8, 'dense_1_part23': 8, 'dense_1_part24': 8, 'dense_1_part25': 4, 'dense_1_part26': 8, 'dense_1_part27': 8, 'dense_1_part28': 8, 'dense_1_part29': 8, 'dense_1_part30': 8, 'dense_1_part31': 8}",94.23804991741463,9.886891,0.22057799994945526,-6.5643783,94.19999999999965,0.22057799994945526
"{'conv2d_1': 16, 'dense_1_part0': 8, 'dense_1_part1': 8, 'dense_1_part2': 8, 'dense_1_part3': 8, 'dense_1_part4': 8, 'dense_1_part5': 4, 'dense_1_part6': 8, 'dense_1_part7': 8, 'dense_1_part8': 4, 'dense_1_part9': 8, 'dense_1_part10': 4, 'dense_1_part11': 8, 'dense_1_part12': 4, 'dense_1_part13': 8, 'dense_1_part14': 4, 'dense_1_part15': 8, 'dense_1_part16': 8, 'dense_1_part17': 8, 'dense_1_part18': 8, 'dense_1_part19': 8, 'dense_1_part20': 8, 'dense_1_part21': 8, 'dense_1_part22': 8, 'dense_1_part23': 8, 'dense_1_part24': 8, 'dense_1_part25': 4, 'dense_1_part26': 8, 'dense_1_part27': 8, 'dense_1_part28': 8, 'dense_1_part29': 8, 'dense_1_part30': 8, 'dense_1_part31': 8}",94.33570281476847,9.886891,0.22109931707382202,-6.5541263,94.29999999999964,0.22109931707382202
"{'conv2d_1': 16, 'dense_1_part0': 8, 'dense_1_part1': 8, 'dense_1_part2': 8, 'dense_1_part3': 8, 'dense_1_part4': 8, 'dense_1_part5': 4, 'dense_1_part6': 8, 'dense_1_part7': 8, 'dense_1_part8': 4, 'dense_1_part9': 4, 'dense_1_part10': 4, 'dense_1_part11': 8, 'dense_1_part12': 4, 'dense_1_part13': 8, 'dense_1_part14': 4, 'dense_1_part15': 8, 'dense_1_part16': 8, 'dense_1_part17': 8, 'dense_1_part18': 8, 'dense_1_part19': 8, 'dense_1_part20': 8, 'dense_1_part21': 8, 'dense_1_part22': 8, 'dense_1_part23': 8, 'dense_1_part24': 8, 'dense_1_part25': 4, 'dense_1_part26': 8, 'dense_1_part27': 8, 'dense_1_part28': 8, 'dense_1_part29': 8, 'dense_1_part30': 8, 'dense_1_part31': 8}",94.4333557121223,9.886891,0.22816237807273865,-6.4175596,94.39999999999964,0.22816237807273865
"{'conv2d_1': 16, 'dense_1_part0': 8, 'dense_1_part1': 8, 'dense_1_part2': 8, 'dense_1_part3': 8, 'dense_1_part4': 8, 'dense_1_part5': 4, 'dense_1_part6': 8, 'dense_1_part7': 8, 'dense_1_part8': 4, 'dense_1_part9': 4, 'dense_1_part10': 4, 'dense_1_part11': 8, 'dense_1_part12': 4, 'dense_1_part13': 8, 'dense_1_part14': 4, 'dense_1_part15': 8, 'dense_1_part16': 8, 'dense_1_part17': 8, 'dense_1_part18': 8, 'dense_1_part19': 8, 'dense_1_part20': 8, 'dense_1_part21': 8, 'dense_1_part22': 8, 'dense_1_part23': 8, 'dense_1_part24': 8, 'dense_1_part25': 4, 'dense_1_part26': 8, 'dense_1_part27': 8, 'dense_1_part28': 8, 'dense_1_part29': 8, 'dense_1_part30': 4, 'dense_1_part31': 8}",94.53100860947615,9.886891,0.23124374449253082,-6.3593,94.49999999999963,0.23124374449253082
"{'conv2d_1': 16, 'dense_1_part0': 8, 'dense_1_part1': 8, 'dense_1_part2': 8, 'dense_1_part3': 8, 'dense_1_part4': 8, 'dense_1_part5': 4, 'dense_1_part6': 8, 'dense_1_part7': 8, 'dense_1_part8': 4, 'dense_1_part9': 4, 'dense_1_part10': 4, 'dense_1_part11': 8, 'dense_1_part12': 4, 'dense_1_part13': 4, 'dense_1_part14': 4, 'dense_1_part15': 8, 'dense_1_part16': 8, 'dense_1_part17': 8, 'dense_1_part18': 8, 'dense_1_part19': 8, 'dense_1_part20': 8, 'dense_1_part21': 8, 'dense_1_part22': 8, 'dense_1_part23': 8, 'dense_1_part24': 8, 'dense_1_part25': 4, 'dense_1_part26': 8, 'dense_1_part27': 8, 'dense_1_part28': 8, 'dense_1_part29': 8, 'dense_1_part30': 4, 'dense_1_part31': 8}",94.62866150682999,9.886891,0.23489925265312195,-6.291184,94.59999999999962,0.23489925265312195
"{'conv2d_1': 16, 'dense_1_part0': 8, 'dense_1_part1': 8, 'dense_1_part2': 8, 'dense_1_part3': 8, 'dense_1_part4': 8, 'dense_1_part5': 4, 'dense_1_part6': 8, 'dense_1_part7': 4, 'dense_1_part8': 4, 'dense_1_part9': 4, 'dense_1_part10': 4, 'dense_1_part11': 8, 'dense_1_part12': 4, 'dense_1_part13': 4, 'dense_1_part14': 4, 'dense_1_part15': 8, 'dense_1_part16': 8, 'dense_1_part17': 8, 'dense_1_part18': 8, 'dense_1_part19': 8, 'dense_1_part20': 8, 'dense_1_part21': 8, 'dense_1_part22': 8, 'dense_1_part23': 8, 'dense_1_part24': 8, 'dense_1_part25': 4, 'dense_1_part26': 8, 'dense_1_part27': 8, 'dense_1_part28': 8, 'dense_1_part29': 8, 'dense_1_part30': 4, 'dense_1_part31': 8}",94.72631440418382,9.886891,0.24214382469654083,-6.1592665,94.69999999999962,0.24214382469654083
"{'conv2d_1': 16, 'dense_1_part0': 8, 'dense_1_part1': 8, 'dense_1_part2': 8, 'dense_1_part3': 8, 'dense_1_part4': 4, 'dense_1_part5': 4, 'dense_1_part6': 8, 'dense_1_part7': 4, 'dense_1_part8': 4, 'dense_1_part9': 4, 'dense_1_part10': 4, 'dense_1_part11': 8, 'dense_1_part12': 4, 'dense_1_part13': 4, 'dense_1_part14': 4, 'dense_1_part15': 8, 'dense_1_part16': 8, 'dense_1_part17': 8, 'dense_1_part18': 8, 'dense_1_part19': 8, 'dense_1_part20': 8, 'dense_1_part21': 8, 'dense_1_part22': 8, 'dense_1_part23': 8, 'dense_1_part24': 8, 'dense_1_part25': 4, 'dense_1_part26': 8, 'dense_1_part27': 8, 'dense_1_part28': 8, 'dense_1_part29': 8, 'dense_1_part30': 4, 'dense_1_part31': 8}",94.82396730153765,9.886891,0.2460942417383194,-6.0889854,94.79999999999961,0.2460942417383194
"{'conv2d_1': 16, 'dense_1_part0': 8, 'dense_1_part1': 4, 'dense_1_part2': 8, 'dense_1_part3': 8, 'dense_1_part4': 4, 'dense_1_part5': 4, 'dense_1_part6': 8, 'dense_1_part7': 4, 'dense_1_part8': 4, 'dense_1_part9': 4, 'dense_1_part10': 4, 'dense_1_part11': 8, 'dense_1_part12': 4, 'dense_1_part13': 4, 'dense_1_part14': 4, 'dense_1_part15': 8, 'dense_1_part16': 8, 'dense_1_part17': 8, 'dense_1_part18': 8, 'dense_1_part19': 8, 'dense_1_part20': 8, 'dense_1_part21': 8, 'dense_1_part22': 8, 'dense_1_part23': 8, 'dense_1_part24': 8, 'dense_1_part25': 4, 'dense_1_part26': 8, 'dense_1_part27': 8, 'dense_1_part28': 8, 'dense_1_part29': 8, 'dense_1_part30': 4, 'dense_1_part31': 8}",94.92162019889149,9.886891,0.2567129135131836,-5.905523,94.89999999999961,0.2567129135131836
"{'conv2d_1': 16, 'dense_1_part0': 8, 'dense_1_part1': 4, 'dense_1_part2': 8, 'dense_1_part3': 8, 'dense_1_part4': 4, 'dense_1_part5': 4, 'dense_1_part6': 8, 'dense_1_part7': 4, 'dense_1_part8': 4, 'dense_1_part9': 4, 'dense_1_part10': 4, 'dense_1_part11': 8, 'dense_1_part12': 4, 'dense_1_part13': 4, 'dense_1_part14': 4, 'dense_1_part15': 8, 'dense_1_part16': 8, 'dense_1_part17': 8, 'dense_1_part18': 8, 'dense_1_part19': 4, 'dense_1_part20': 8, 'dense_1_part21': 8, 'dense_1_part22': 8, 'dense_1_part23': 8, 'dense_1_part24': 8, 'dense_1_part25': 4, 'dense_1_part26': 8, 'dense_1_part27': 8, 'dense_1_part28': 8, 'dense_1_part29': 8, 'dense_1_part30': 4, 'dense_1_part31': 8}",95.01927309624533,9.886891,0.26437461376190186,-5.7778025,94.9999999999996,0.26437461376190186
"{'conv2d_1': 16, 'dense_1_part0': 8, 'dense_1_part1': 4, 'dense_1_part2': 8, 'dense_1_part3': 8, 'dense_1_part4': 4, 'dense_1_part5': 4, 'dense_1_part6': 8, 'dense_1_part7': 4, 'dense_1_part8': 4, 'dense_1_part9': 4, 'dense_1_part10': 4, 'dense_1_part11': 8, 'dense_1_part12': 4, 'dense_1_part13': 4, 'dense_1_part14': 4, 'dense_1_part15': 8, 'dense_1_part16': 8, 'dense_1_part17': 8, 'dense_1_part18': 8, 'dense_1_part19': 4, 'dense_1_part20': 8, 'dense_1_part21': 8, 'dense_1_part22': 8, 'dense_1_part23': 8, 'dense_1_part24': 8, 'dense_1_part25': 4, 'dense_1_part26': 8, 'dense_1_part27': 8, 'dense_1_part28': 8, 'dense_1_part29': 4, 'dense_1_part30': 4, 'dense_1_part31': 8}",95.11692599359915,9.886891,0.26573997735977173,-5.755431,95.0999999999996,0.26573997735977173
"{'conv2d_1': 16, 'dense_1_part0': 8, 'dense_1_part1': 4, 'dense_1_part2': 8, 'dense_1_part3': 4, 'dense_1_part4': 4, 'dense_1_part5': 4, 'dense_1_part6': 8, 'dense_1_part7': 4, 'dense_1_part8': 4, 'dense_1_part9': 4, 'dense_1_part10': 4, 'dense_1_part11': 8, 'dense_1_part12': 4, 'dense_1_part13': 4, 'dense_1_part14': 4, 'dense_1_part15': 8, 'dense_1_part16': 8, 'dense_1_part17': 8, 'dense_1_part18': 8, 'dense_1_part19': 4, 'dense_1_part20': 8, 'dense_1_part21': 8, 'dense_1_part22': 8, 'dense_1_part23': 8, 'dense_1_part24': 8, 'dense_1_part25': 4, 'dense_1_part26': 8, 'dense_1_part27': 8, 'dense_1_part28': 8, 'dense_1_part29': 4, 'dense_1_part30': 4, 'dense_1_part31': 8}",95.21457889095299,9.886891,0.27094709873199463,-5.671155,95.19999999999959,0.27094709873199463
"{'conv2d_1': 16, 'dense_1_part0': 8, 'dense_1_part1': 4, 'dense_1_part2': 8, 'dense_1_part3': 4, 'dense_1_part4': 4, 'dense_1_part5': 4, 'dense_1_part6': 8, 'dense_1_part7': 4, 'dense_1_part8': 4, 'dense_1_part9': 4, 'dense_1_part10': 4, 'dense_1_part11': 8, 'dense_1_part12': 4, 'dense_1_part13': 4, 'dense_1_part14': 4, 'dense_1_part15': 8, 'dense_1_part16': 8, 'dense_1_part17': 8, 'dense_1_part18': 8, 'dense_1_part19': 4, 'dense_1_part20': 8, 'dense_1_part21': 8, 'dense_1_part22': 8, 'dense_1_part23': 8, 'dense_1_part24': 8, 'dense_1_part25': 4, 'dense_1_part26': 8, 'dense_1_part27': 8, 'dense_1_part28': 4, 'dense_1_part29': 4, 'dense_1_part30': 4, 'dense_1_part31': 8}",95.31223178830683,9.886891,0.2727968990802765,-5.641606,95.29999999999959,0.2727968990802765
"{'conv2d_1': 16, 'dense_1_part0': 8, 'dense_1_part1': 4, 'dense_1_part2': 8, 'dense_1_part3': 4, 'dense_1_part4': 4, 'dense_1_part5': 4, 'dense_1_part6': 8, 'dense_1_part7': 4, 'dense_1_part8': 4, 'dense_1_part9': 4, 'dense_1_part10': 4, 'dense_1_part11': 8, 'dense_1_part12': 4, 'dense_1_part13': 4, 'dense_1_part14': 4, 'dense_1_part15': 8, 'dense_1_part16': 8, 'dense_1_part17': 8, 'dense_1_part18': 8, 'dense_1_part19': 4, 'dense_1_part20': 4, 'dense_1_part21': 8, 'dense_1_part22': 8, 'dense_1_part23': 8, 'dense_1_part24': 8, 'dense_1_part25': 4, 'dense_1_part26': 8, 'dense_1_part27': 8, 'dense_1_part28': 4, 'dense_1_part29': 4, 'dense_1_part30': 4, 'dense_1_part31': 8}",95.40988468566066,9.886891,0.2782531678676605,-5.5555987,95.39999999999958,0.2782531678676605
"{'conv2d_1': 16, 'dense_1_part0': 8, 'dense_1_part1': 4, 'dense_1_part2': 8, 'dense_1_part3': 4, 'dense_1_part4': 4, 'dense_1_part5': 4, 'dense_1_part6': 8, 'dense_1_part7': 4, 'dense_1_part8': 4, 'dense_1_part9': 4, 'dense_1_part10': 4, 'dense_1_part11': 4, 'dense_1_part12': 4, 'dense_1_part13': 4, 'dense_1_part14': 4, 'dense_1_part15': 8, 'dense_1_part16': 8, 'dense_1_part17': 8, 'dense_1_part18': 8, 'dense_1_part19': 4, 'dense_1_part20': 4, 'dense_1_part21': 8, 'dense_1_part22': 8, 'dense_1_part23': 8, 'dense_1_part24': 8, 'dense_1_part25': 4, 'dense_1_part26': 8, 'dense_1_part27': 8, 'dense_1_part28': 4, 'dense_1_part29': 4, 'dense_1_part30': 4, 'dense_1_part31': 8}",95.5075375830145,9.886891,0.282784640789032,-5.4854417,95.49999999999957,0.282784640789032
"{'conv2d_1': 16, 'dense_1_part0': 8, 'dense_1_part1': 4, 'dense_1_part2': 8, 'dense_1_part3': 4, 'dense_1_part4': 4, 'dense_1_part5': 4, 'dense_1_part6': 8, 'dense_1_part7': 4, 'dense_1_part8': 4, 'dense_1_part9': 4, 'dense_1_part10': 4, 'dense_1_part11': 4, 'dense_1_part12': 4, 'dense_1_part13': 4, 'dense_1_part14': 4, 'dense_1_part15': 8, 'dense_1_part16': 8, 'dense_1_part17': 8, 'dense_1_part18': 8, 'dense_1_part19': 4, 'dense_1_part20': 4, 'dense_1_part21': 8, 'dense_1_part22': 8, 'dense_1_part23': 8, 'dense_1_part24': 8, 'dense_1_part25': 4, 'dense_1_part26': 4, 'dense_1_part27': 8, 'dense_1_part28': 4, 'dense_1_part29': 4, 'dense_1_part30': 4, 'dense_1_part31': 8}",95.60519048036834,9.886891,0.283903568983078,-5.4682918,95.59999999999957,0.283903568983078
"{'conv2d_1': 16, 'dense_1_part0': 8, 'dense_1_part1': 4, 'dense_1_part2': 8, 'dense_1_part3': 4, 'dense_1_part4': 4, 'dense_1_part5': 4, 'dense_1_part6': 8, 'dense_1_part7': 4, 'dense_1_part8': 4, 'dense_1_part9': 4, 'dense_1_part10': 4, 'dense_1_part11': 4, 'dense_1_part12': 4, 'dense_1_part13': 4, 'dense_1_part14': 4, 'dense_1_part15': 8, 'dense_1_part16': 8, 'dense_1_part17': 4, 'dense_1_part18': 8, 'dense_1_part19': 4, 'dense_1_part20': 4, 'dense_1_part21': 8, 'dense_1_part22': 8, 'dense_1_part23': 8, 'dense_1_part24': 8, 'dense_1_part25': 4, 'dense_1_part26': 4, 'dense_1_part27': 8, 'dense_1_part28': 4, 'dense_1_part29': 4, 'dense_1_part30': 4, 'dense_1_part31': 8}",95.70284337772217,9.886891,0.28866812586784363,-5.3960114,95.69999999999956,0.28866812586784363
"{'conv2d_1': 16, 'dense_1_part0': 8, 'dense_1_part1': 4, 'dense_1_part2': 8, 'dense_1_part3': 4, 'dense_1_part4': 4, 'dense_1_part5': 4, 'dense_1_part6': 8, 'dense_1_part7': 4, 'dense_1_part8': 4, 'dense_1_part9': 4, 'dense_1_part10': 4, 'dense_1_part11': 4, 'dense_1_part12': 4, 'dense_1_part13': 4, 'dense_1_part14': 4, 'dense_1_part15': 8, 'dense_1_part16': 8, 'dense_1_part17': 4, 'dense_1_part18': 8, 'dense_1_part19': 4, 'dense_1_part20': 4, 'dense_1_part21': 8, 'dense_1_part22': 8, 'dense_1_part23': 8, 'dense_1_part24': 4, 'dense_1_part25': 4, 'dense_1_part26': 4, 'dense_1_part27': 8, 'dense_1_part28': 4, 'dense_1_part29': 4, 'dense_1_part30': 4, 'dense_1_part31': 8}",95.80049627507601,9.886891,0.2921811640262604,-5.3434777,95.79999999999956,0.2921811640262604
"{'conv2d_1': 16, 'dense_1_part0': 8, 'dense_1_part1': 4, 'dense_1_part2': 8, 'dense_1_part3': 4, 'dense_1_part4': 4, 'dense_1_part5': 4, 'dense_1_part6': 4, 'dense_1_part7': 4, 'dense_1_part8': 4, 'dense_1_part9': 4, 'dense_1_part10': 4, 'dense_1_part11': 4, 'dense_1_part12': 4, 'dense_1_part13': 4, 'dense_1_part14': 4, 'dense_1_part15': 8, 'dense_1_part16': 8, 'dense_1_part17': 4, 'dense_1_part18': 8, 'dense_1_part19': 4, 'dense_1_part20': 4, 'dense_1_part21': 8, 'dense_1_part22': 8, 'dense_1_part23': 4, 'dense_1_part24': 4, 'dense_1_part25': 4, 'dense_1_part26': 4, 'dense_1_part27': 8, 'dense_1_part28': 4, 'dense_1_part29': 4, 'dense_1_part30': 4, 'dense_1_part31': 8}",95.99580206978368,9.886891,0.2956027090549469,-5.292916,95.89999999999955,0.2956027090549469
"{'conv2d_1': 16, 'dense_1_part0': 8, 'dense_1_part1': 4, 'dense_1_part2': 8, 'dense_1_part3': 4, 'dense_1_part4': 4, 'dense_1_part5': 4, 'dense_1_part6': 4, 'dense_1_part7': 4, 'dense_1_part8': 4, 'dense_1_part9': 4, 'dense_1_part10': 4, 'dense_1_part11': 4, 'dense_1_part12': 4, 'dense_1_part13': 4, 'dense_1_part14': 4, 'dense_1_part15': 4, 'dense_1_part16': 8, 'dense_1_part17': 4, 'dense_1_part18': 8, 'dense_1_part19': 4, 'dense_1_part20': 4, 'dense_1_part21': 8, 'dense_1_part22': 8, 'dense_1_part23': 4, 'dense_1_part24': 4, 'dense_1_part25': 4, 'dense_1_part26': 4, 'dense_1_part27': 8, 'dense_1_part28': 4, 'dense_1_part29': 4, 'dense_1_part30': 4, 'dense_1_part31': 8}",96.09345496713752,9.886891,0.31530988216400146,-5.0126243,95.99999999999955,0.31530988216400146
"{'conv2d_1': 16, 'dense_1_part0': 8, 'dense_1_part1': 4, 'dense_1_part2': 4, 'dense_1_part3': 4, 'dense_1_part4': 4, 'dense_1_part5': 4, 'dense_1_part6': 4, 'dense_1_part7': 4, 'dense_1_part8': 4, 'dense_1_part9': 4, 'dense_1_part10': 4, 'dense_1_part11': 4, 'dense_1_part12': 4, 'dense_1_part13': 4, 'dense_1_part14': 4, 'dense_1_part15': 4, 'dense_1_part16': 8, 'dense_1_part17': 4, 'dense_1_part18': 8, 'dense_1_part19': 4, 'dense_1_part20': 4, 'dense_1_part21': 8, 'dense_1_part22': 8, 'dense_1_part23': 4, 'dense_1_part24': 4, 'dense_1_part25': 4, 'dense_1_part26': 4, 'dense_1_part27': 8, 'dense_1_part28': 4, 'dense_1_part29': 4, 'dense_1_part30': 4, 'dense_1_part31': 8}",96.19110786449134,9.886891,0.32841360569000244,-4.8357887,96.09999999999954,0.32841360569000244
"{'conv2d_1': 16, 'dense_1_part0': 8, 'dense_1_part1': 4, 'dense_1_part2': 4, 'dense_1_part3': 4, 'dense_1_part4': 4, 'dense_1_part5': 4, 'dense_1_part6': 4, 'dense_1_part7': 4, 'dense_1_part8': 4, 'dense_1_part9': 4, 'dense_1_part10': 4, 'dense_1_part11': 4, 'dense_1_part12': 4, 'dense_1_part13': 4, 'dense_1_part14': 4, 'dense_1_part15': 4, 'dense_1_part16': 8, 'dense_1_part17': 4, 'dense_1_part18': 8, 'dense_1_part19': 4, 'dense_1_part20': 4, 'dense_1_part21': 4, 'dense_1_part22': 8, 'dense_1_part23': 4, 'dense_1_part24': 4, 'dense_1_part25': 4, 'dense_1_part26': 4, 'dense_1_part27': 8, 'dense_1_part28': 4, 'dense_1_part29': 4, 'dense_1_part30': 4, 'dense_1_part31': 8}",96.28876076184518,9.886891,0.3374444842338562,-4.7179766,96.19999999999953,0.3374444842338562
"{'conv2d_1': 16, 'dense_1_part0': 8, 'dense_1_part1': 4, 'dense_1_part2': 4, 'dense_1_part3': 4, 'dense_1_part4': 4, 'dense_1_part5': 4, 'dense_1_part6': 4, 'dense_1_part7': 4, 'dense_1_part8': 4, 'dense_1_part9': 4, 'dense_1_part10': 4, 'dense_1_part11': 4, 'dense_1_part12': 4, 'dense_1_part13': 4, 'dense_1_part14': 4, 'dense_1_part15': 4, 'dense_1_part16': 8, 'dense_1_part17': 4, 'dense_1_part18': 8, 'dense_1_part19': 4, 'dense_1_part20': 4, 'dense_1_part21': 4, 'dense_1_part22': 4, 'dense_1_part23': 4, 'dense_1_part24': 4, 'dense_1_part25': 4, 'dense_1_part26': 4, 'dense_1_part27': 8, 'dense_1_part28': 4, 'dense_1_part29': 4, 'dense_1_part30': 4, 'dense_1_part31': 8}",96.38641365919902,9.886891,0.3407380282878876,-4.675794,96.29999999999953,0.3407380282878876
"{'conv2d_1': 16, 'dense_1_part0': 8, 'dense_1_part1': 4, 'dense_1_part2': 4, 'dense_1_part3': 4, 'dense_1_part4': 4, 'dense_1_part5': 4, 'dense_1_part6': 4, 'dense_1_part7': 4, 'dense_1_part8': 4, 'dense_1_part9': 4, 'dense_1_part10': 4, 'dense_1_part11': 4, 'dense_1_part12': 4, 'dense_1_part13': 4, 'dense_1_part14': 4, 'dense_1_part15': 4, 'dense_1_part16': 8, 'dense_1_part17': 4, 'dense_1_part18': 8, 'dense_1_part19': 4, 'dense_1_part20': 4, 'dense_1_part21': 4, 'dense_1_part22': 4, 'dense_1_part23': 4, 'dense_1_part24': 4, 'dense_1_part25': 4, 'dense_1_part26': 4, 'dense_1_part27': 4, 'dense_1_part28': 4, 'dense_1_part29': 4, 'dense_1_part30': 4, 'dense_1_part31': 8}",96.48406655655285,9.886891,0.3469478189945221,-4.597358,96.39999999999952,0.3469478189945221
"{'conv2d_1': 16, 'dense_1_part0': 8, 'dense_1_part1': 4, 'dense_1_part2': 4, 'dense_1_part3': 4, 'dense_1_part4': 4, 'dense_1_part5': 4, 'dense_1_part6': 4, 'dense_1_part7': 4, 'dense_1_part8': 4, 'dense_1_part9': 4, 'dense_1_part10': 4, 'dense_1_part11': 4, 'dense_1_part12': 4, 'dense_1_part13': 4, 'dense_1_part14': 4, 'dense_1_part15': 4, 'dense_1_part16': 8, 'dense_1_part17': 4, 'dense_1_part18': 4, 'dense_1_part19': 4, 'dense_1_part20': 4, 'dense_1_part21': 4, 'dense_1_part22': 4, 'dense_1_part23': 4, 'dense_1_part24': 4, 'dense_1_part25': 4, 'dense_1_part26': 4, 'dense_1_part27': 4, 'dense_1_part28': 4, 'dense_1_part29': 4, 'dense_1_part30': 4, 'dense_1_part31': 8}",96.58171945390669,9.886891,0.36184772849082947,-4.4147415,96.49999999999952,0.36184772849082947
"{'conv2d_1': 16, 'dense_1_part0': 4, 'dense_1_part1': 4, 'dense_1_part2': 4, 'dense_1_part3': 4, 'dense_1_part4': 4, 'dense_1_part5': 4, 'dense_1_part6': 4, 'dense_1_part7': 4, 'dense_1_part8': 4, 'dense_1_part9': 4, 'dense_1_part10': 4, 'dense_1_part11': 4, 'dense_1_part12': 4, 'dense_1_part13': 4, 'dense_1_part14': 4, 'dense_1_part15': 4, 'dense_1_part16': 8, 'dense_1_part17': 4, 'dense_1_part18': 4, 'dense_1_part19': 4, 'dense_1_part20': 4, 'dense_1_part21': 4, 'dense_1_part22': 4, 'dense_1_part23': 4, 'dense_1_part24': 4, 'dense_1_part25': 4, 'dense_1_part26': 4, 'dense_1_part27': 4, 'dense_1_part28': 4, 'dense_1_part29': 4, 'dense_1_part30': 4, 'dense_1_part31': 8}",96.67937235126053,9.886891,0.4116371273994446,-3.8548546,96.59999999999951,0.4116371273994446
"{'conv2d_1': 16, 'dense_1_part0': 4, 'dense_1_part1': 4, 'dense_1_part2': 4, 'dense_1_part3': 4, 'dense_1_part4': 4, 'dense_1_part5': 4, 'dense_1_part6': 4, 'dense_1_part7': 4, 'dense_1_part8': 4, 'dense_1_part9': 4, 'dense_1_part10': 4, 'dense_1_part11': 4, 'dense_1_part12': 4, 'dense_1_part13': 4, 'dense_1_part14': 4, 'dense_1_part15': 4, 'dense_1_part16': 4, 'dense_1_part17': 4, 'dense_1_part18': 4, 'dense_1_part19': 4, 'dense_1_part20': 4, 'dense_1_part21': 4, 'dense_1_part22': 4, 'dense_1_part23': 4, 'dense_1_part24': 4, 'dense_1_part25': 4, 'dense_1_part26': 4, 'dense_1_part27': 4, 'dense_1_part28': 4, 'dense_1_part29': 4, 'dense_1_part30': 4, 'dense_1_part31': 8}",96.77702524861435,9.886891,0.6054164171218872,-2.179458,96.6999999999995,0.6054164171218872
"{'conv2d_1': 16, 'dense_1_part0': 4, 'dense_1_part1': 4, 'dense_1_part2': 4, 'dense_1_part3': 4, 'dense_1_part4': 4, 'dense_1_part5': 4, 'dense_1_part6': 4, 'dense_1_part7': 4, 'dense_1_part8': 4, 'dense_1_part9': 4, 'dense_1_part10': 4, 'dense_1_part11': 4, 'dense_1_part12': 4, 'dense_1_part13': 4, 'dense_1_part14': 4, 'dense_1_part15': 4, 'dense_1_part16': 4, 'dense_1_part17': 4, 'dense_1_part18': 4, 'dense_1_part19': 4, 'dense_1_part20': 4, 'dense_1_part21': 4, 'dense_1_part22': 4, 'dense_1_part23': 4, 'dense_1_part24': 4, 'dense_1_part25': 4, 'dense_1_part26': 4, 'dense_1_part27': 4, 'dense_1_part28': 4, 'dense_1_part29': 4, 'dense_1_part30': 4, 'dense_1_part31': 4}",96.87467814596819,9.886891,0.9579402208328247,-0.18661591,96.7999999999995,0.9579402208328247
"{'conv2d_1': 16, 'dense_1_part0': 4, 'dense_1_part1': 4, 'dense_1_part2': 4, 'dense_1_part3': 4, 'dense_1_part4': 4, 'dense_1_part5': 4, 'dense_1_part6': 4, 'dense_1_part7': 4, 'dense_1_part8': 4, 'dense_1_part9': 4, 'dense_1_part10': 4, 'dense_1_part11': 4, 'dense_1_part12': 4, 'dense_1_part13': 4, 'dense_1_part14': 4, 'dense_1_part15': 4, 'dense_1_part16': 4, 'dense_1_part17': 4, 'dense_1_part18': 4, 'dense_1_part19': 4, 'dense_1_part20': 4, 'dense_1_part21': 4, 'dense_1_part22': 4, 'dense_1_part23': 4, 'dense_1_part24': 4, 'dense_1_part25': 4, 'dense_1_part26': 4, 'dense_1_part27': 4, 'dense_1_part28': 4, 'dense_1_part29': 4, 'dense_1_part30': 2, 'dense_1_part31': 4}",96.92350459464511,9.886891,1.15834641456604,0.6383846,96.8999999999995,1.15834641456604
"{'conv2d_1': 16, 'dense_1_part0': 4, 'dense_1_part1': 4, 'dense_1_part2': 4, 'dense_1_part3': 4, 'dense_1_part4': 4, 'dense_1_part5': 4, 'dense_1_part6': 4, 'dense_1_part7': 4, 'dense_1_part8': 4, 'dense_1_part9': 4, 'dense_1_part10': 4, 'dense_1_part11': 4, 'dense_1_part12': 4, 'dense_1_part13': 4, 'dense_1_part14': 4, 'dense_1_part15': 4, 'dense_1_part16': 4, 'dense_1_part17': 4, 'dense_1_part18': 4, 'dense_1_part19': 4, 'dense_1_part20': 4, 'dense_1_part21': 4, 'dense_1_part22': 4, 'dense_1_part23': 4, 'dense_1_part24': 4, 'dense_1_part25': 2, 'dense_1_part26': 4, 'dense_1_part27': 4, 'dense_1_part28': 4, 'dense_1_part29': 2, 'dense_1_part30': 2, 'dense_1_part31': 4}",97.02115749199895,9.886891,1.7428557872772217,2.4126146,96.99999999999949,1.7428557872772217
